0,0,US,United States,52029
1,0,AL,Alabama,42586
1,1,AL,Autauga County,51622
1,3,AL,Baldwin County,51957
1,5,AL,Barbour County,30896
1,7,AL,Bibb County,41076
1,9,AL,Blount County,46086
1,11,AL,Bullock County,26980
1,13,AL,Butler County,31449
1,15,AL,Calhoun County,39997
1,17,AL,Chambers County,35614
1,19,AL,Cherokee County,38028
1,21,AL,Chilton County,40292
1,23,AL,Choctaw County,30728
1,25,AL,Clarke County,34101
1,27,AL,Clay County,33032
1,29,AL,Cleburne County,37742
1,31,AL,Coffee County,43145
1,33,AL,Colbert County,39947
1,35,AL,Conecuh County,27068
1,37,AL,Coosa County,36050
1,39,AL,Covington County,33773
1,41,AL,Crenshaw County,34402
1,43,AL,Cullman County,39276
1,45,AL,Dale County,42867
1,47,AL,Dallas County,27992
1,49,AL,DeKalb County,35377
1,51,AL,Elmore County,53296
1,53,AL,Escambia County,32009
1,55,AL,Etowah County,37264
1,57,AL,Fayette County,34092
1,59,AL,Franklin County,35248
1,61,AL,Geneva County,32027
1,63,AL,Greene County,26001
1,65,AL,Hale County,31091
1,67,AL,Henry County,36453
1,69,AL,Houston County,42523
1,71,AL,Jackson County,36597
1,73,AL,Jefferson County,46269
1,75,AL,Lamar County,32424
1,77,AL,Lauderdale County,38592
1,79,AL,Lawrence County,40655
1,81,AL,Lee County,41770
1,83,AL,Limestone County,46151
1,85,AL,Lowndes County,30225
1,87,AL,Macon County,27314
1,89,AL,Madison County,55324
1,91,AL,Marengo County,32381
1,93,AL,Marion County,31602
1,95,AL,Marshall County,36981
1,97,AL,Mobile County,40951
1,99,AL,Monroe County,34072
1,101,AL,Montgomery County,43297
1,103,AL,Morgan County,46284
1,105,AL,Perry County,26513
1,107,AL,Pickens County,31053
1,109,AL,Pike County,32284
1,111,AL,Randolph County,34185
1,113,AL,Russell County,28855
1,115,AL,St. Clair County,48804
1,117,AL,Shelby County,71785
1,119,AL,Sumter County,24221
1,121,AL,Talladega County,35487
1,123,AL,Tallapoosa County,35293
1,125,AL,Tuscaloosa County,43744
1,127,AL,Walker County,36221
1,129,AL,Washington County,37076
1,131,AL,Wilcox County,23090
1,133,AL,Winston County,32018
2,0,AK,Alaska,67332
2,13,AK,Aleutians East Borough,52786
2,16,AK,Aleutians West Census Area,62849
2,20,AK,Anchorage Borough,74396
2,50,AK,Bethel Census Area,41755
2,60,AK,Bristol Bay Borough,67214
2,68,AK,Denali Borough,70720
2,70,AK,Dillingham Census Area,50827
2,90,AK,Fairbanks North Star Borough,65473
2,100,AK,Haines Borough,48299
2,105,AK,Hoonah-Angoon Census Area,44050
2,110,AK,Juneau Borough,71313
2,122,AK,Kenai Peninsula Borough,54206
2,130,AK,Ketchikan Gateway Borough,58689
2,150,AK,Kodiak Island Borough,61525
2,164,AK,Lake and Peninsula Borough,43687
2,170,AK,Matanuska-Susitna Borough,71575
2,180,AK,Nome Census Area,46892
2,185,AK,North Slope Borough,72499
2,188,AK,Northwest Arctic Borough,57721
2,201,AK,Prince of Wales-Outer Ketchikan Census Area,44491
2,220,AK,Sitka Borough,61436
2,230,AK,Skagway Municipality,61029
2,240,AK,Southeast Fairbanks Census Area,59124
2,261,AK,Valdez-Cordova Census Area,58946
2,270,AK,Wade Hampton Census Area,33033
2,280,AK,Wrangell-Petersburg Census Area,54274
2,282,AK,Yakutat Borough,54401
2,290,AK,Yukon-Koyukuk Census Area,33900
4,0,AZ,Arizona,51009
4,1,AZ,Apache County,31728
4,3,AZ,Cochise County,44000
4,5,AZ,Coconino County,47933
4,7,AZ,Gila County,38405
4,9,AZ,Graham County,40902
4,11,AZ,Greenlee County,53654
4,12,AZ,La Paz County,32973
4,13,AZ,Maricopa County,56511
4,15,AZ,Mohave County,38641
4,17,AZ,Navajo County,39416
4,19,AZ,Pima County,46653
4,21,AZ,Pinal County,50208
4,23,AZ,Santa Cruz County,38490
4,25,AZ,Yavapai County,42311
4,27,AZ,Yuma County,39063
5,0,AR,Arkansas,38820
5,1,AR,Arkansas County,37295
5,3,AR,Ashley County,36079
5,5,AR,Baxter County,34666
5,7,AR,Benton County,51397
5,9,AR,Boone County,35729
5,11,AR,Bradley County,30621
5,13,AR,Calhoun County,34908
5,15,AR,Carroll County,33594
5,17,AR,Chicot County,24809
5,19,AR,Clark County,34327
5,21,AR,Clay County,31910
5,23,AR,Cleburne County,36707
5,25,AR,Cleveland County,39567
5,27,AR,Columbia County,35162
5,29,AR,Conway County,36026
5,31,AR,Craighead County,39989
5,33,AR,Crawford County,42112
5,35,AR,Crittenden County,35112
5,37,AR,Cross County,34489
5,39,AR,Dallas County,31608
5,41,AR,Desha County,27555
5,43,AR,Drew County,34919
5,45,AR,Faulkner County,43553
5,47,AR,Franklin County,38192
5,49,AR,Fulton County,30364
5,51,AR,Garland County,38020
5,53,AR,Grant County,45165
5,55,AR,Greene County,37017
5,57,AR,Hempstead County,34221
5,59,AR,Hot Spring County,37619
5,61,AR,Howard County,33219
5,63,AR,Independence County,36019
5,65,AR,Izard County,30941
5,67,AR,Jackson County,30490
5,69,AR,Jefferson County,38018
5,71,AR,Johnson County,34307
5,73,AR,Lafayette County,28265
5,75,AR,Lawrence County,31160
5,77,AR,Lee County,25178
5,79,AR,Lincoln County,34820
5,81,AR,Little River County,34996
5,83,AR,Logan County,37034
5,85,AR,Lonoke County,49241
5,87,AR,Madison County,33221
5,89,AR,Marion County,32648
5,91,AR,Miller County,38192
5,93,AR,Mississippi County,34211
5,95,AR,Monroe County,27044
5,97,AR,Montgomery County,34343
5,99,AR,Nevada County,31432
5,101,AR,Newton County,29273
5,103,AR,Ouachita County,34370
5,105,AR,Perry County,37595
5,107,AR,Phillips County,26436
5,109,AR,Pike County,37545
5,111,AR,Poinsett County,31511
5,113,AR,Polk County,30994
5,115,AR,Pope County,40728
5,117,AR,Prairie County,34703
5,119,AR,Pulaski County,45215
5,121,AR,Randolph County,30508
5,123,AR,St. Francis County,28442
5,125,AR,Saline County,50133
5,127,AR,Scott County,33458
5,129,AR,Searcy County,25547
5,131,AR,Sebastian County,39573
5,133,AR,Sevier County,32062
5,135,AR,Sharp County,31801
5,137,AR,Stone County,28724
5,139,AR,Union County,38616
5,141,AR,Van Buren County,35155
5,143,AR,Washington County,42691
5,145,AR,White County,39283
5,147,AR,Woodruff County,26185
5,149,AR,Yell County,36459
6,0,CA,California,61017
6,1,CA,Alameda County,70217
6,3,CA,Alpine County,49320
6,5,CA,Amador County,53951
6,7,CA,Butte County,40308
6,9,CA,Calaveras County,52850
6,11,CA,Colusa County,44622
6,13,CA,Contra Costa County,78469
6,15,CA,Del Norte County,36729
6,17,CA,El Dorado County,67019
6,19,CA,Fresno County,43534
6,21,CA,Glenn County,39641
6,23,CA,Humboldt County,39627
6,25,CA,Imperial County,36894
6,27,CA,Inyo County,47197
6,29,CA,Kern County,44716
6,31,CA,Kings County,48614
6,33,CA,Lake County,38926
6,35,CA,Lassen County,47333
6,37,CA,Los Angeles County,55452
6,39,CA,Madera County,46066
6,41,CA,Marin County,89909
6,43,CA,Mariposa County,44419
6,45,CA,Mendocino County,43134
6,47,CA,Merced County,42629
6,49,CA,Modoc County,35319
6,51,CA,Mono County,55798
6,53,CA,Monterey County,58822
6,55,CA,Napa County,64829
6,57,CA,Nevada County,56030
6,59,CA,Orange County,74862
6,61,CA,Placer County,75029
6,63,CA,Plumas County,48770
6,65,CA,Riverside County,57590
6,67,CA,Sacramento County,56882
6,69,CA,San Benito County,64646
6,71,CA,San Bernardino County,54768
6,73,CA,San Diego County,62820
6,75,CA,San Francisco County,73127
6,77,CA,San Joaquin County,54350
6,79,CA,San Luis Obispo County,60088
6,81,CA,San Mateo County,84879
6,83,CA,Santa Barbara County,60645
6,85,CA,Santa Clara County,88525
6,87,CA,Santa Cruz County,66495
6,89,CA,Shasta County,42362
6,91,CA,Sierra County,44282
6,93,CA,Siskiyou County,36823
6,95,CA,Solano County,70173
6,97,CA,Sonoma County,62314
6,99,CA,Stanislaus County,50094
6,101,CA,Sutter County,49146
6,103,CA,Tehama County,38160
6,105,CA,Trinity County,34726
6,107,CA,Tulare County,44383
6,109,CA,Tuolumne County,49151
6,111,CA,Ventura County,76190
6,113,CA,Yolo County,57877
6,115,CA,Yuba County,46715
8,0,CO,Colorado,57184
8,1,CO,Adams County,56601
8,3,CO,Alamosa County,34681
8,5,CO,Arapahoe County,59320
8,7,CO,Archuleta County,51058
8,9,CO,Baca County,31963
8,11,CO,Bent County,33187
8,13,CO,Boulder County,66760
8,14,CO,Broomfield County,77855
8,15,CO,Chaffee County,45916
8,17,CO,Cheyenne County,46017
8,19,CO,Clear Creek County,57227
8,21,CO,Conejos County,30747
8,23,CO,Costilla County,25208
8,25,CO,Crowley County,31603
8,27,CO,Custer County,50660
8,29,CO,Delta County,43621
8,31,CO,Denver County,46305
8,33,CO,Dolores County,43760
8,35,CO,Douglas County,100493
8,37,CO,Eagle County,73482
8,39,CO,Elbert County,75990
8,41,CO,El Paso County,59061
8,43,CO,Fremont County,39155
8,45,CO,Garfield County,67063
8,47,CO,Gilpin County,62332
8,49,CO,Grand County,58895
8,51,CO,Gunnison County,46972
8,53,CO,Hinsdale County,50692
8,55,CO,Huerfano County,31410
8,57,CO,Jackson County,40413
8,59,CO,Jefferson County,66627
8,61,CO,Kiowa County,38581
8,63,CO,Kit Carson County,39997
8,65,CO,Lake County,48280
8,67,CO,La Plata County,56427
8,69,CO,Larimer County,56701
8,71,CO,Las Animas County,38876
8,73,CO,Lincoln County,40384
8,75,CO,Logan County,42163
8,77,CO,Mesa County,54337
8,79,CO,Mineral County,46394
8,81,CO,Moffat County,56427
8,83,CO,Montezuma County,44860
8,85,CO,Montrose County,45817
8,87,CO,Morgan County,43246
8,89,CO,Otero County,33234
8,91,CO,Ouray County,59725
8,93,CO,Park County,64471
8,95,CO,Phillips County,42087
8,97,CO,Pitkin County,72088
8,99,CO,Prowers County,35730
8,101,CO,Pueblo County,42005
8,103,CO,Rio Blanco County,57856
8,105,CO,Rio Grande County,37353
8,107,CO,Routt County,63085
8,109,CO,Saguache County,33198
8,111,CO,San Juan County,40252
8,113,CO,San Miguel County,61074
8,115,CO,Sedgwick County,35350
8,117,CO,Summit County,64813
8,119,CO,Teller County,58457
8,121,CO,Washington County,38982
8,123,CO,Weld County,55845
8,125,CO,Yuma County,43560
9,0,CT,Connecticut,68294
9,1,CT,Fairfield County,84250
9,3,CT,Hartford County,64045
9,5,CT,Litchfield County,67520
9,7,CT,Middlesex County,74645
9,9,CT,New Haven County,61459
9,11,CT,New London County,67484
9,13,CT,Tolland County,75251
9,15,CT,Windham County,54027
10,0,DE,Delaware,58380
10,1,DE,Kent County,55179
10,3,DE,New Castle County,63301
10,5,DE,Sussex County,47727
11,0,DC,District of Columbia,58553
11,1,DC,District of Columbia,58553
12,0,FL,Florida,47802
12,1,FL,Alachua County,42980
12,3,FL,Baker County,48443
12,5,FL,Bay County,45655
12,7,FL,Bradford County,41154
12,9,FL,Brevard County,49473
12,11,FL,Broward County,51594
12,13,FL,Calhoun County,33613
12,15,FL,Charlotte County,46378
12,17,FL,Citrus County,38476
12,19,FL,Clay County,61057
12,21,FL,Collier County,61379
12,23,FL,Columbia County,38816
12,27,FL,DeSoto County,37478
12,29,FL,Dixie County,31443
12,31,FL,Duval County,50660
12,33,FL,Escambia County,41690
12,35,FL,Flagler County,49014
12,37,FL,Franklin County,34787
12,39,FL,Gadsden County,34316
12,41,FL,Gilchrist County,37120
12,43,FL,Glades County,39251
12,45,FL,Gulf County,38632
12,47,FL,Hamilton County,32444
12,49,FL,Hardee County,34385
12,51,FL,Hendry County,38771
12,53,FL,Hernando County,39552
12,55,FL,Highlands County,33703
12,57,FL,Hillsborough County,49762
12,59,FL,Holmes County,33251
12,61,FL,Indian River County,48267
12,63,FL,Jackson County,37707
12,65,FL,Jefferson County,36482
12,67,FL,Lafayette County,39293
12,69,FL,Lake County,45517
12,71,FL,Lee County,50863
12,73,FL,Leon County,47318
12,75,FL,Levy County,35267
12,77,FL,Liberty County,38608
12,79,FL,Madison County,32502
12,81,FL,Manatee County,46573
12,83,FL,Marion County,40266
12,85,FL,Martin County,52743
12,86,FL,Miami-Dade County,43921
12,87,FL,Monroe County,52908
12,89,FL,Nassau County,59514
12,91,FL,Okaloosa County,54420
12,93,FL,Okeechobee County,35724
12,95,FL,Orange County,50674
12,97,FL,Osceola County,45766
12,99,FL,Palm Beach County,52807
12,101,FL,Pasco County,42407
12,103,FL,Pinellas County,45899
12,105,FL,Polk County,44350
12,107,FL,Putnam County,35168
12,109,FL,St. Johns County,67238
12,111,FL,St. Lucie County,44788
12,113,FL,Santa Rosa County,54174
12,115,FL,Sarasota County,49001
12,117,FL,Seminole County,58175
12,119,FL,Sumter County,48106
12,121,FL,Suwannee County,34427
12,123,FL,Taylor County,36349
12,125,FL,Union County,42734
12,127,FL,Volusia County,45831
12,129,FL,Wakulla County,48012
12,131,FL,Walton County,43779
12,133,FL,Washington County,34632
13,0,GA,Georgia,50834
13,1,GA,Appling County,34654
13,3,GA,Atkinson County,31389
13,5,GA,Bacon County,33481
13,7,GA,Baker County,31834
13,9,GA,Baldwin County,38719
13,11,GA,Banks County,44269
13,13,GA,Barrow County,51318
13,15,GA,Bartow County,51762
13,17,GA,Ben Hill County,31091
13,19,GA,Berrien County,34718
13,21,GA,Bibb County,40857
13,23,GA,Bleckley County,39962
13,25,GA,Brantley County,37814
13,27,GA,Brooks County,35007
13,29,GA,Bryan County,62038
13,31,GA,Bulloch County,38631
13,33,GA,Burke County,32311
13,35,GA,Butts County,45398
13,37,GA,Calhoun County,29435
13,39,GA,Camden County,51985
13,43,GA,Candler County,31651
13,45,GA,Carroll County,47307
13,47,GA,Catoosa County,47990
13,49,GA,Charlton County,35320
13,51,GA,Chatham County,45132
13,53,GA,Chattahoochee County,42016
13,55,GA,Chattooga County,34249
13,57,GA,Cherokee County,68627
13,59,GA,Clarke County,36254
13,61,GA,Clay County,26697
13,63,GA,Clayton County,46293
13,65,GA,Clinch County,31396
13,67,GA,Cobb County,69728
13,69,GA,Coffee County,34451
13,71,GA,Colquitt County,34038
13,73,GA,Columbia County,66181
13,75,GA,Cook County,34674
13,77,GA,Coweta County,61199
13,79,GA,Crawford County,41429
13,81,GA,Crisp County,30881
13,83,GA,Dade County,41503
13,85,GA,Dawson County,57769
13,87,GA,Decatur County,32546
13,89,GA,DeKalb County,54708
13,91,GA,Dodge County,33632
13,93,GA,Dooly County,32608
13,95,GA,Dougherty County,35729
13,97,GA,Douglas County,57926
13,99,GA,Early County,31761
13,101,GA,Echols County,35925
13,103,GA,Effingham County,59956
13,105,GA,Elbert County,34986
13,107,GA,Emanuel County,30236
13,109,GA,Evans County,33269
13,111,GA,Fannin County,36134
13,113,GA,Fayette County,82678
13,115,GA,Floyd County,41865
13,117,GA,Forsyth County,88626
13,119,GA,Franklin County,37110
13,121,GA,Fulton County,62682
13,123,GA,Gilmer County,40665
13,125,GA,Glascock County,36630
13,127,GA,Glynn County,50236
13,129,GA,Gordon County,43789
13,131,GA,Grady County,35688
13,133,GA,Greene County,39211
13,135,GA,Gwinnett County,66327
13,137,GA,Habersham County,45377
13,139,GA,Hall County,53083
13,141,GA,Hancock County,28039
13,143,GA,Haralson County,39707
13,145,GA,Harris County,62024
13,147,GA,Hart County,39593
13,149,GA,Heard County,39864
13,151,GA,Henry County,63199
13,153,GA,Houston County,57755
13,155,GA,Irwin County,34199
13,157,GA,Jackson County,51329
13,159,GA,Jasper County,42849
13,161,GA,Jeff Davis County,32750
13,163,GA,Jefferson County,31191
13,165,GA,Jenkins County,28405
13,167,GA,Johnson County,28704
13,169,GA,Jones County,51708
13,171,GA,Lamar County,41668
13,173,GA,Lanier County,33732
13,175,GA,Laurens County,38676
13,177,GA,Lee County,59690
13,179,GA,Liberty County,39997
13,181,GA,Lincoln County,36358
13,183,GA,Long County,38168
13,185,GA,Lowndes County,41209
13,187,GA,Lumpkin County,45475
13,189,GA,McDuffie County,39676
13,191,GA,McIntosh County,36397
13,193,GA,Macon County,29374
13,195,GA,Madison County,41389
13,197,GA,Marion County,34982
13,199,GA,Meriwether County,35566
13,201,GA,Miller County,32359
13,205,GA,Mitchell County,31893
13,207,GA,Monroe County,52114
13,209,GA,Montgomery County,35888
13,211,GA,Morgan County,46853
13,213,GA,Murray County,42588
13,215,GA,Muscogee County,40276
13,217,GA,Newton County,54286
13,219,GA,Oconee County,77053
13,221,GA,Oglethorpe County,43832
13,223,GA,Paulding County,64598
13,225,GA,Peach County,44210
13,227,GA,Pickens County,52222
13,229,GA,Pierce County,36721
13,231,GA,Pike County,57143
13,233,GA,Polk County,39067
13,235,GA,Pulaski County,35027
13,237,GA,Putnam County,42656
13,239,GA,Quitman County,31608
13,241,GA,Rabun County,37119
13,243,GA,Randolph County,28131
13,245,GA,Richmond County,37723
13,247,GA,Rockdale County,58107
13,249,GA,Schley County,38086
13,251,GA,Screven County,33699
13,253,GA,Seminole County,28676
13,255,GA,Spalding County,41450
13,257,GA,Stephens County,34881
13,259,GA,Stewart County,28973
13,261,GA,Sumter County,33452
13,263,GA,Talbot County,32206
13,265,GA,Taliaferro County,27033
13,267,GA,Tattnall County,35647
13,269,GA,Taylor County,30502
13,271,GA,Telfair County,29486
13,273,GA,Terrell County,31151
13,275,GA,Thomas County,37581
13,277,GA,Tift County,37438
13,279,GA,Toombs County,33139
13,281,GA,Towns County,41127
13,283,GA,Treutlen County,30210
13,285,GA,Troup County,37681
13,287,GA,Turner County,29745
13,289,GA,Twiggs County,34823
13,291,GA,Union County,40841
13,293,GA,Upson County,33952
13,295,GA,Walker County,39360
13,297,GA,Walton County,54479
13,299,GA,Ware County,34983
13,301,GA,Warren County,32439
13,303,GA,Washington County,35394
13,305,GA,Wayne County,37445
13,307,GA,Webster County,33757
13,309,GA,Wheeler County,31728
13,311,GA,White County,42511
13,313,GA,Whitfield County,44060
13,315,GA,Wilcox County,31128
13,317,GA,Wilkes County,32021
13,319,GA,Wilkinson County,40093
13,321,GA,Worth County,37353
15,0,HI,Hawaii,66701
15,1,HI,Hawaii County,51402
15,3,HI,Honolulu County,70010
15,5,HI,Kalawao County,
15,7,HI,Kauai County,62501
15,9,HI,Maui County,64150
16,0,ID,Idaho,47561
16,1,ID,Ada County,57159
16,3,ID,Adams County,37479
16,5,ID,Bannock County,47819
16,7,ID,Bear Lake County,40589
16,9,ID,Benewah County,39173
16,11,ID,Bingham County,45890
16,13,ID,Blaine County,65239
16,15,ID,Boise County,50834
16,17,ID,Bonner County,41630
16,19,ID,Bonneville County,52254
16,21,ID,Boundary County,40817
16,23,ID,Butte County,39822
16,25,ID,Camas County,49282
16,27,ID,Canyon County,43976
16,29,ID,Caribou County,50040
16,31,ID,Cassia County,41740
16,33,ID,Clark County,40608
16,35,ID,Clearwater County,39413
16,37,ID,Custer County,41450
16,39,ID,Elmore County,45407
16,41,ID,Franklin County,48315
16,43,ID,Fremont County,41295
16,45,ID,Gem County,43555
16,47,ID,Gooding County,41993
16,49,ID,Idaho County,36400
16,51,ID,Jefferson County,52743
16,53,ID,Jerome County,43668
16,55,ID,Kootenai County,49721
16,57,ID,Latah County,41250
16,59,ID,Lemhi County,36423
16,61,ID,Lewis County,39831
16,63,ID,Lincoln County,42557
16,65,ID,Madison County,42160
16,67,ID,Minidoka County,42979
16,69,ID,Nez Perce County,46680
16,71,ID,Oneida County,44846
16,73,ID,Owyhee County,36177
16,75,ID,Payette County,40707
16,77,ID,Power County,41902
16,79,ID,Shoshone County,38293
16,81,ID,Teton County,56228
16,83,ID,Twin Falls County,42210
16,85,ID,Valley County,50798
16,87,ID,Washington County,37222
17,0,IL,Illinois,56230
17,1,IL,Adams County,44555
17,3,IL,Alexander County,28725
17,5,IL,Bond County,45930
17,7,IL,Boone County,62531
17,9,IL,Brown County,42660
17,11,IL,Bureau County,46891
17,13,IL,Calhoun County,44146
17,15,IL,Carroll County,45301
17,17,IL,Cass County,40561
17,19,IL,Champaign County,45840
17,21,IL,Christian County,44711
17,23,IL,Clark County,48357
17,25,IL,Clay County,39490
17,27,IL,Clinton County,55683
17,29,IL,Coles County,38377
17,31,IL,Cook County,54559
17,33,IL,Crawford County,42564
17,35,IL,Cumberland County,45301
17,37,IL,DeKalb County,55266
17,39,IL,De Witt County,47645
17,41,IL,Douglas County,45359
17,43,IL,DuPage County,77040
17,45,IL,Edgar County,42522
17,47,IL,Edwards County,41275
17,49,IL,Effingham County,45192
17,51,IL,Fayette County,39534
17,53,IL,Ford County,51313
17,55,IL,Franklin County,34456
17,57,IL,Fulton County,40135
17,59,IL,Gallatin County,34580
17,61,IL,Greene County,38678
17,63,IL,Grundy County,60738
17,65,IL,Hamilton County,38115
17,67,IL,Hancock County,41730
17,69,IL,Hardin County,31547
17,71,IL,Henderson County,43252
17,73,IL,Henry County,48959
17,75,IL,Iroquois County,46529
17,77,IL,Jackson County,34763
17,79,IL,Jasper County,44445
17,81,IL,Jefferson County,38875
17,83,IL,Jersey County,51256
17,85,IL,Jo Daviess County,51237
17,87,IL,Johnson County,42382
17,89,IL,Kane County,66834
17,91,IL,Kankakee County,49987
17,93,IL,Kendall County,85630
17,95,IL,Knox County,38996
17,97,IL,Lake County,78617
17,99,IL,La Salle County,49617
17,101,IL,Lawrence County,38999
17,103,IL,Lee County,50391
17,105,IL,Livingston County,50972
17,107,IL,Logan County,52525
17,109,IL,McDonough County,39874
17,111,IL,McHenry County,79656
17,113,IL,McLean County,58474
17,115,IL,Macon County,45664
17,117,IL,Macoupin County,45009
17,119,IL,Madison County,51207
17,121,IL,Marion County,41759
17,123,IL,Marshall County,50701
17,125,IL,Mason County,42022
17,127,IL,Massac County,38735
17,129,IL,Menard County,57884
17,131,IL,Mercer County,51437
17,133,IL,Monroe County,70904
17,135,IL,Montgomery County,41358
17,137,IL,Morgan County,45944
17,139,IL,Moultrie County,48447
17,141,IL,Ogle County,56452
17,143,IL,Peoria County,49634
17,145,IL,Perry County,41224
17,147,IL,Piatt County,59515
17,149,IL,Pike County,40205
17,151,IL,Pope County,38071
17,153,IL,Pulaski County,31261
17,155,IL,Putnam County,57786
17,157,IL,Randolph County,45276
17,159,IL,Richland County,39267
17,161,IL,Rock Island County,45606
17,163,IL,St. Clair County,47876
17,165,IL,Saline County,33812
17,167,IL,Sangamon County,53408
17,169,IL,Schuyler County,43053
17,171,IL,Scott County,45456
17,173,IL,Shelby County,46378
17,175,IL,Stark County,45357
17,177,IL,Stephenson County,43247
17,179,IL,Tazewell County,55964
17,181,IL,Union County,39090
17,183,IL,Vermilion County,41292
17,185,IL,Wabash County,43642
17,187,IL,Warren County,43558
17,189,IL,Washington County,52103
17,191,IL,Wayne County,38114
17,193,IL,White County,40118
17,195,IL,Whiteside County,47045
17,197,IL,Will County,76561
17,199,IL,Williamson County,38721
17,201,IL,Winnebago County,47646
17,203,IL,Woodford County,64944
18,0,IN,Indiana,48010
18,1,IN,Adams County,43304
18,3,IN,Allen County,49110
18,5,IN,Bartholomew County,51850
18,7,IN,Benton County,46441
18,9,IN,Blackford County,38769
18,11,IN,Boone County,72603
18,13,IN,Brown County,50082
18,15,IN,Carroll County,50907
18,17,IN,Cass County,42778
18,19,IN,Clark County,48572
18,21,IN,Clay County,45768
18,23,IN,Clinton County,46368
18,25,IN,Crawford County,38653
18,27,IN,Daviess County,43154
18,29,IN,Dearborn County,56434
18,31,IN,Decatur County,49572
18,33,IN,De Kalb County,48698
18,35,IN,Delaware County,39190
18,37,IN,Dubois County,53779
18,39,IN,Elkhart County,49989
18,41,IN,Fayette County,37548
18,43,IN,Floyd County,50768
18,45,IN,Fountain County,44377
18,47,IN,Franklin County,51741
18,49,IN,Fulton County,45964
18,51,IN,Gibson County,47795
18,53,IN,Grant County,38677
18,55,IN,Greene County,41378
18,57,IN,Hamilton County,85829
18,59,IN,Hancock County,64783
18,61,IN,Harrison County,51964
18,63,IN,Hendricks County,67429
18,65,IN,Henry County,42416
18,67,IN,Howard County,49140
18,69,IN,Huntington County,46289
18,71,IN,Jackson County,47428
18,73,IN,Jasper County,55706
18,75,IN,Jay County,41800
18,77,IN,Jefferson County,42646
18,79,IN,Jennings County,43823
18,81,IN,Johnson County,62100
18,83,IN,Knox County,39509
18,85,IN,Kosciusko County,50685
18,87,IN,Lagrange County,51160
18,89,IN,Lake County,50042
18,91,IN,La Porte County,46388
18,93,IN,Lawrence County,43165
18,95,IN,Madison County,44453
18,97,IN,Marion County,43823
18,99,IN,Marshall County,50284
18,101,IN,Martin County,44900
18,103,IN,Miami County,43903
18,105,IN,Monroe County,40891
18,107,IN,Montgomery County,47958
18,109,IN,Morgan County,56309
18,111,IN,Newton County,49269
18,113,IN,Noble County,47651
18,115,IN,Ohio County,50244
18,117,IN,Orange County,38441
18,119,IN,Owen County,42752
18,121,IN,Parke County,41907
18,123,IN,Perry County,48039
18,125,IN,Pike County,45825
18,127,IN,Porter County,62676
18,129,IN,Posey County,54320
18,131,IN,Pulaski County,42709
18,133,IN,Putnam County,50463
18,135,IN,Randolph County,42279
18,137,IN,Ripley County,51603
18,139,IN,Rush County,45882
18,141,IN,St. Joseph County,43931
18,143,IN,Scott County,41304
18,145,IN,Shelby County,52700
18,147,IN,Spencer County,53781
18,149,IN,Starke County,40950
18,151,IN,Steuben County,48403
18,153,IN,Sullivan County,41784
18,155,IN,Switzerland County,42209
18,157,IN,Tippecanoe County,45330
18,159,IN,Tipton County,54089
18,161,IN,Union County,42272
18,163,IN,Vanderburgh County,41731
18,165,IN,Vermillion County,42707
18,167,IN,Vigo County,39250
18,169,IN,Wabash County,46192
18,171,IN,Warren County,52888
18,173,IN,Warrick County,55960
18,175,IN,Washington County,42017
18,177,IN,Wayne County,40783
18,179,IN,Wells County,51730
18,181,IN,White County,45114
18,183,IN,Whitley County,49996
19,0,IA,Iowa,49007
19,1,IA,Adair County,44824
19,3,IA,Adams County,40393
19,5,IA,Allamakee County,39049
19,7,IA,Appanoose County,33842
19,9,IA,Audubon County,42206
19,11,IA,Benton County,57029
19,13,IA,Black Hawk County,45647
19,15,IA,Boone County,48026
19,17,IA,Bremer County,56456
19,19,IA,Buchanan County,50220
19,21,IA,Buena Vista County,44152
19,23,IA,Butler County,47798
19,25,IA,Calhoun County,43799
19,27,IA,Carroll County,48792
19,29,IA,Cass County,40716
19,31,IA,Cedar County,55566
19,33,IA,Cerro Gordo County,45023
19,35,IA,Cherokee County,45349
19,37,IA,Chickasaw County,42814
19,39,IA,Clarke County,43556
19,41,IA,Clay County,44746
19,43,IA,Clayton County,46462
19,45,IA,Clinton County,46851
19,47,IA,Crawford County,44444
19,49,IA,Dallas County,69052
19,51,IA,Davis County,43342
19,53,IA,Decatur County,33939
19,55,IA,Delaware County,49636
19,57,IA,Des Moines County,43489
19,59,IA,Dickinson County,50185
19,61,IA,Dubuque County,49160
19,63,IA,Emmet County,42568
19,65,IA,Fayette County,40706
19,67,IA,Floyd County,43393
19,69,IA,Franklin County,47270
19,71,IA,Fremont County,45979
19,73,IA,Greene County,45911
19,75,IA,Grundy County,58547
19,77,IA,Guthrie County,48430
19,79,IA,Hamilton County,49612
19,81,IA,Hancock County,47588
19,83,IA,Hardin County,46240
19,85,IA,Harrison County,50362
19,87,IA,Henry County,47353
19,89,IA,Howard County,42318
19,91,IA,Humboldt County,49027
19,93,IA,Ida County,44890
19,95,IA,Iowa County,54129
19,97,IA,Jackson County,41944
19,99,IA,Jasper County,48734
19,101,IA,Jefferson County,43257
19,103,IA,Johnson County,54871
19,105,IA,Jones County,46012
19,107,IA,Keokuk County,42683
19,109,IA,Kossuth County,46389
19,111,IA,Lee County,43718
19,113,IA,Linn County,55173
19,115,IA,Louisa County,44429
19,117,IA,Lucas County,41007
19,119,IA,Lyon County,50289
19,121,IA,Madison County,51973
19,123,IA,Mahaska County,46872
19,125,IA,Marion County,51252
19,127,IA,Marshall County,44615
19,129,IA,Mills County,55094
19,131,IA,Mitchell County,46629
19,133,IA,Monona County,41009
19,135,IA,Monroe County,47628
19,137,IA,Montgomery County,36817
19,139,IA,Muscatine County,53234
19,141,IA,O'Brien County,46584
19,143,IA,Osceola County,43681
19,145,IA,Page County,42317
19,147,IA,Palo Alto County,42062
19,149,IA,Plymouth County,54013
19,151,IA,Pocahontas County,41594
19,153,IA,Polk County,56980
19,155,IA,Pottawattamie County,49817
19,157,IA,Poweshiek County,49857
19,159,IA,Ringgold County,36658
19,161,IA,Sac County,41409
19,163,IA,Scott County,52218
19,165,IA,Shelby County,47103
19,167,IA,Sioux County,52513
19,169,IA,Story County,50265
19,171,IA,Tama County,47298
19,173,IA,Taylor County,39792
19,175,IA,Union County,40652
19,177,IA,Van Buren County,38207
19,179,IA,Wapello County,40202
19,181,IA,Warren County,62317
19,183,IA,Washington County,50130
19,185,IA,Wayne County,35563
19,187,IA,Webster County,41568
19,189,IA,Winnebago County,43187
19,191,IA,Winneshiek County,48826
19,193,IA,Woodbury County,43616
19,195,IA,Worth County,48580
19,197,IA,Wright County,46068
20,0,KS,Kansas,50174
20,1,KS,Allen County,37919
20,3,KS,Anderson County,41825
20,5,KS,Atchison County,42788
20,7,KS,Barber County,42534
20,9,KS,Barton County,42889
20,11,KS,Bourbon County,37575
20,13,KS,Brown County,38162
20,15,KS,Butler County,57678
20,17,KS,Chase County,39788
20,19,KS,Chautauqua County,35460
20,21,KS,Cherokee County,37621
20,23,KS,Cheyenne County,37413
20,25,KS,Clark County,41482
20,27,KS,Clay County,43045
20,29,KS,Cloud County,39126
20,31,KS,Coffey County,49034
20,33,KS,Comanche County,38193
20,35,KS,Cowley County,45163
20,37,KS,Crawford County,37289
20,39,KS,Decatur County,36913
20,41,KS,Dickinson County,46289
20,43,KS,Doniphan County,43036
20,45,KS,Douglas County,47614
20,47,KS,Edwards County,39613
20,49,KS,Elk County,32462
20,51,KS,Ellis County,44846
20,53,KS,Ellsworth County,42896
20,55,KS,Finney County,49963
20,57,KS,Ford County,45031
20,59,KS,Franklin County,48591
20,61,KS,Geary County,43528
20,63,KS,Gove County,42205
20,65,KS,Graham County,39094
20,67,KS,Grant County,57591
20,69,KS,Gray County,49864
20,71,KS,Greeley County,44832
20,73,KS,Greenwood County,36704
20,75,KS,Hamilton County,42390
20,77,KS,Harper County,37575
20,79,KS,Harvey County,50640
20,81,KS,Haskell County,48810
20,83,KS,Hodgeman County,44829
20,85,KS,Jackson County,49678
20,87,KS,Jefferson County,56770
20,89,KS,Jewell County,37937
20,91,KS,Johnson County,76250
20,93,KS,Kearny County,47631
20,95,KS,Kingman County,48480
20,97,KS,Kiowa County,39104
20,99,KS,Labette County,37501
20,101,KS,Lane County,47226
20,103,KS,Leavenworth County,60218
20,105,KS,Lincoln County,40793
20,107,KS,Linn County,43671
20,109,KS,Logan County,42609
20,111,KS,Lyon County,39942
20,113,KS,McPherson County,51352
20,115,KS,Marion County,43983
20,117,KS,Marshall County,42976
20,119,KS,Meade County,48307
20,121,KS,Miami County,61231
20,123,KS,Mitchell County,44321
20,125,KS,Montgomery County,41913
20,127,KS,Morris County,41867
20,129,KS,Morton County,48636
20,131,KS,Nemaha County,46938
20,133,KS,Neosho County,40362
20,135,KS,Ness County,44389
20,137,KS,Norton County,38252
20,139,KS,Osage County,48848
20,141,KS,Osborne County,37568
20,143,KS,Ottawa County,45925
20,145,KS,Pawnee County,43007
20,147,KS,Phillips County,41832
20,149,KS,Pottawatomie County,54341
20,151,KS,Pratt County,44498
20,153,KS,Rawlins County,38980
20,155,KS,Reno County,42597
20,157,KS,Republic County,38199
20,159,KS,Rice County,43158
20,161,KS,Riley County,43801
20,163,KS,Rooks County,39738
20,165,KS,Rush County,39197
20,167,KS,Russell County,38635
20,169,KS,Saline County,45342
20,171,KS,Scott County,51658
20,173,KS,Sedgwick County,49518
20,175,KS,Seward County,44613
20,177,KS,Shawnee County,48332
20,179,KS,Sheridan County,43297
20,181,KS,Sherman County,39299
20,183,KS,Smith County,34547
20,185,KS,Stafford County,39130
20,187,KS,Stanton County,49924
20,189,KS,Stevens County,54486
20,191,KS,Sumner County,46245
20,193,KS,Thomas County,45735
20,195,KS,Trego County,39069
20,197,KS,Wabaunsee County,54114
20,199,KS,Wallace County,40574
20,201,KS,Washington County,40445
20,203,KS,Wichita County,42976
20,205,KS,Wilson County,38975
20,207,KS,Woodson County,32942
20,209,KS,Wyandotte County,39208
21,0,KY,Kentucky,41489
21,1,KY,Adair County,30169
21,3,KY,Allen County,36097
21,5,KY,Anderson County,49615
21,7,KY,Ballard County,36776
21,9,KY,Barren County,36155
21,11,KY,Bath County,30960
21,13,KY,Bell County,24858
21,15,KY,Boone County,66178
21,17,KY,Bourbon County,41220
21,19,KY,Boyd County,38255
21,21,KY,Boyle County,40127
21,23,KY,Bracken County,39366
21,25,KY,Breathitt County,24162
21,27,KY,Breckinridge County,39128
21,29,KY,Bullitt County,53284
21,31,KY,Butler County,35917
21,33,KY,Caldwell County,35697
21,35,KY,Calloway County,36284
21,37,KY,Campbell County,50566
21,39,KY,Carlisle County,36545
21,41,KY,Carroll County,43720
21,43,KY,Carter County,33435
21,45,KY,Casey County,26892
21,47,KY,Christian County,37775
21,49,KY,Clark County,44907
21,51,KY,Clay County,22365
21,53,KY,Clinton County,25029
21,55,KY,Crittenden County,34009
21,57,KY,Cumberland County,28825
21,59,KY,Daviess County,43075
21,61,KY,Edmonson County,33785
21,63,KY,Elliott County,26464
21,65,KY,Estill County,28912
21,67,KY,Fayette County,50267
21,69,KY,Fleming County,33584
21,71,KY,Floyd County,27462
21,73,KY,Franklin County,48291
21,75,KY,Fulton County,27815
21,77,KY,Gallatin County,42554
21,79,KY,Garrard County,40083
21,81,KY,Grant County,45697
21,83,KY,Graves County,36771
21,85,KY,Grayson County,33791
21,87,KY,Green County,33509
21,89,KY,Greenup County,39479
21,91,KY,Hancock County,46518
21,93,KY,Hardin County,49532
21,95,KY,Harlan County,23648
21,97,KY,Harrison County,42445
21,99,KY,Hart County,31166
21,101,KY,Henderson County,42025
21,103,KY,Henry County,43524
21,105,KY,Hickman County,37451
21,107,KY,Hopkins County,40027
21,109,KY,Jackson County,25084
21,111,KY,Jefferson County,46745
21,113,KY,Jessamine County,51579
21,115,KY,Johnson County,31116
21,117,KY,Kenton County,52633
21,119,KY,Knott County,26948
21,121,KY,Knox County,25090
21,123,KY,Larue County,38547
21,125,KY,Laurel County,34304
21,127,KY,Lawrence County,29015
21,129,KY,Lee County,23786
21,131,KY,Leslie County,23627
21,133,KY,Letcher County,27374
21,135,KY,Lewis County,28466
21,137,KY,Lincoln County,34401
21,139,KY,Livingston County,38712
21,141,KY,Logan County,39176
21,143,KY,Lyon County,40932
21,145,KY,McCracken County,41586
21,147,KY,McCreary County,22253
21,149,KY,McLean County,37353
21,151,KY,Madison County,43358
21,153,KY,Magoffin County,25890
21,155,KY,Marion County,37766
21,157,KY,Marshall County,43776
21,159,KY,Martin County,22841
21,161,KY,Mason County,38209
21,163,KY,Meade County,44122
21,165,KY,Menifee County,27140
21,167,KY,Mercer County,42912
21,169,KY,Metcalfe County,31942
21,171,KY,Monroe County,27410
21,173,KY,Montgomery County,38264
21,175,KY,Morgan County,29424
21,177,KY,Muhlenberg County,34844
21,179,KY,Nelson County,48125
21,181,KY,Nicholas County,35496
21,183,KY,Ohio County,35953
21,185,KY,Oldham County,84884
21,187,KY,Owen County,41697
21,189,KY,Owsley County,19829
21,191,KY,Pendleton County,45165
21,193,KY,Perry County,28124
21,195,KY,Pike County,31012
21,197,KY,Powell County,30737
21,199,KY,Pulaski County,32901
21,201,KY,Robertson County,35621
21,203,KY,Rockcastle County,24650
21,205,KY,Rowan County,34333
21,207,KY,Russell County,27866
21,209,KY,Scott County,58596
21,211,KY,Shelby County,58042
21,213,KY,Simpson County,44959
21,215,KY,Spencer County,64286
21,217,KY,Taylor County,35615
21,219,KY,Todd County,36083
21,221,KY,Trigg County,43316
21,223,KY,Trimble County,45322
21,225,KY,Union County,42261
21,227,KY,Warren County,43368
21,229,KY,Washington County,40375
21,231,KY,Wayne County,27343
21,233,KY,Webster County,39754
21,235,KY,Whitley County,27394
21,237,KY,Wolfe County,23310
21,239,KY,Woodford County,58076
22,0,LA,Louisiana,43635
22,1,LA,Acadia Parish,37862
22,3,LA,Allen Parish,40131
22,5,LA,Ascension Parish,61345
22,7,LA,Assumption Parish,41319
22,9,LA,Avoyelles Parish,32744
22,11,LA,Beauregard Parish,43398
22,13,LA,Bienville Parish,31440
22,15,LA,Bossier Parish,49331
22,17,LA,Caddo Parish,36527
22,19,LA,Calcasieu Parish,44826
22,21,LA,Caldwell Parish,34298
22,23,LA,Cameron Parish,49984
22,25,LA,Catahoula Parish,31236
22,27,LA,Claiborne Parish,31386
22,29,LA,Concordia Parish,29807
22,31,LA,De Soto Parish,37490
22,33,LA,East Baton Rouge Parish,46563
22,35,LA,East Carroll Parish,25100
22,37,LA,East Feliciana Parish,39244
22,39,LA,Evangeline Parish,29733
22,41,LA,Franklin Parish,29904
22,43,LA,Grant Parish,38896
22,45,LA,Iberia Parish,40610
22,47,LA,Iberville Parish,38672
22,49,LA,Jackson Parish,36073
22,51,LA,Jefferson Parish,47065
22,53,LA,Jefferson Davis Parish,38577
22,55,LA,Lafayette Parish,48119
22,57,LA,Lafourche Parish,49182
22,59,LA,La Salle Parish,38926
22,61,LA,Lincoln Parish,36720
22,63,LA,Livingston Parish,53237
22,65,LA,Madison Parish,25788
22,67,LA,Morehouse Parish,32168
22,69,LA,Natchitoches Parish,31000
22,71,LA,Orleans Parish,37047
22,73,LA,Ouachita Parish,39056
22,75,LA,Plaquemines Parish,50948
22,77,LA,Pointe Coupee Parish,39379
22,79,LA,Rapides Parish,41200
22,81,LA,Red River Parish,31495
22,83,LA,Richland Parish,30504
22,85,LA,Sabine Parish,34786
22,87,LA,St. Bernard Parish,39106
22,89,LA,St. Charles Parish,56886
22,91,LA,St. Helena Parish,33075
22,93,LA,St. James Parish,45303
22,95,LA,St. John the Baptist Parish,49525
22,97,LA,St. Landry Parish,32373
22,99,LA,St. Martin Parish,37779
22,101,LA,St. Mary Parish,39856
22,103,LA,St. Tammany Parish,57129
22,105,LA,Tangipahoa Parish,39604
22,107,LA,Tensas Parish,26135
22,109,LA,Terrebonne Parish,49786
22,111,LA,Union Parish,35624
22,113,LA,Vermilion Parish,41414
22,115,LA,Vernon Parish,41284
22,117,LA,Washington Parish,30725
22,119,LA,Webster Parish,35981
22,121,LA,West Baton Rouge Parish,45177
22,123,LA,West Carroll Parish,30922
22,125,LA,West Feliciana Parish,50095
22,127,LA,Winn Parish,31108
23,0,ME,Maine,46419
23,1,ME,Androscoggin County,44484
23,3,ME,Aroostook County,36107
23,5,ME,Cumberland County,54053
23,7,ME,Franklin County,36405
23,9,ME,Hancock County,47849
23,11,ME,Kennebec County,45511
23,13,ME,Knox County,44168
23,15,ME,Lincoln County,49862
23,17,ME,Oxford County,41526
23,19,ME,Penobscot County,42704
23,21,ME,Piscataquis County,35144
23,23,ME,Sagadahoc County,53142
23,25,ME,Somerset County,35277
23,27,ME,Waldo County,43597
23,29,ME,Washington County,31856
23,31,ME,York County,54626
24,0,MD,Maryland,70482
24,1,MD,Allegany County,39055
24,3,MD,Anne Arundel County,82616
24,5,MD,Baltimore County,63078
24,9,MD,Calvert County,82033
24,11,MD,Caroline County,54934
24,13,MD,Carroll County,78348
24,15,MD,Cecil County,66131
24,17,MD,Charles County,85173
24,19,MD,Dorchester County,43288
24,21,MD,Frederick County,78437
24,23,MD,Garrett County,43496
24,25,MD,Harford County,76620
24,27,MD,Howard County,101867
24,29,MD,Kent County,52934
24,31,MD,Montgomery County,93895
24,33,MD,Prince George's County,71696
24,35,MD,Queen Anne's County,77686
24,37,MD,St. Mary's County,77703
24,39,MD,Somerset County,39426
24,41,MD,Talbot County,62206
24,43,MD,Washington County,51587
24,45,MD,Wicomico County,48614
24,47,MD,Worcester County,50347
24,510,MD,Baltimore city,40087
25,0,MA,Massachusetts,65304
25,1,MA,Barnstable County,57379
25,3,MA,Berkshire County,45778
25,5,MA,Bristol County,56026
25,7,MA,Dukes County,56515
25,9,MA,Essex County,65183
25,11,MA,Franklin County,52022
25,13,MA,Hampden County,48482
25,15,MA,Hampshire County,62413
25,17,MA,Middlesex County,78040
25,19,MA,Nantucket County,69993
25,21,MA,Norfolk County,80944
25,23,MA,Plymouth County,72931
25,25,MA,Suffolk County,51145
25,27,MA,Worcester County,66389
26,0,MI,Michigan,48606
26,1,MI,Alcona County,34547
26,3,MI,Alger County,41152
26,5,MI,Allegan County,49784
26,7,MI,Alpena County,37546
26,9,MI,Antrim County,42732
26,11,MI,Arenac County,36418
26,13,MI,Baraga County,35387
26,15,MI,Barry County,54177
26,17,MI,Bay County,45704
26,19,MI,Benzie County,45309
26,21,MI,Berrien County,42905
26,23,MI,Branch County,45115
26,25,MI,Calhoun County,41576
26,27,MI,Cass County,46839
26,29,MI,Charlevoix County,48410
26,31,MI,Cheboygan County,37851
26,33,MI,Chippewa County,41173
26,35,MI,Clare County,34907
26,37,MI,Clinton County,53380
26,39,MI,Crawford County,37396
26,41,MI,Delta County,43485
26,43,MI,Dickinson County,41872
26,45,MI,Eaton County,57512
26,47,MI,Emmet County,50556
26,49,MI,Genesee County,44827
26,51,MI,Gladwin County,37924
26,53,MI,Gogebic County,33483
26,55,MI,Grand Traverse County,50207
26,57,MI,Gratiot County,42687
26,59,MI,Hillsdale County,44184
26,61,MI,Houghton County,34196
26,63,MI,Huron County,40927
26,65,MI,Ingham County,45987
26,67,MI,Ionia County,47034
26,69,MI,Iosco County,34929
26,71,MI,Iron County,36325
26,73,MI,Isabella County,39006
26,75,MI,Jackson County,47424
26,77,MI,Kalamazoo County,46968
26,79,MI,Kalkaska County,40618
26,81,MI,Kent County,50746
26,83,MI,Keweenaw County,37635
26,85,MI,Lake County,31658
26,87,MI,Lapeer County,54243
26,89,MI,Leelanau County,56056
26,91,MI,Lenawee County,50835
26,93,MI,Livingston County,72090
26,95,MI,Luce County,36851
26,97,MI,Mackinac County,37928
26,99,MI,Macomb County,55638
26,101,MI,Manistee County,38076
26,103,MI,Marquette County,43599
26,105,MI,Mason County,40858
26,107,MI,Mecosta County,37888
26,109,MI,Menominee County,39072
26,111,MI,Midland County,51953
26,113,MI,Missaukee County,40037
26,115,MI,Monroe County,57539
26,117,MI,Montcalm County,43025
26,119,MI,Montmorency County,33425
26,121,MI,Muskegon County,41274
26,123,MI,Newaygo County,44157
26,125,MI,Oakland County,67669
26,127,MI,Oceana County,40872
26,129,MI,Ogemaw County,35539
26,131,MI,Ontonagon County,33927
26,133,MI,Osceola County,39757
26,135,MI,Oscoda County,34239
26,137,MI,Otsego County,47643
26,139,MI,Ottawa County,56208
26,141,MI,Presque Isle County,37731
26,143,MI,Roscommon County,35009
26,145,MI,Saginaw County,41806
26,147,MI,St. Clair County,51454
26,149,MI,St. Joseph County,44034
26,151,MI,Sanilac County,38521
26,153,MI,Schoolcraft County,39475
26,155,MI,Shiawassee County,46983
26,157,MI,Tuscola County,42850
26,159,MI,Van Buren County,43702
26,161,MI,Washtenaw County,59126
26,163,MI,Wayne County,42463
26,165,MI,Wexford County,41264
27,0,MN,Minnesota,57318
27,1,MN,Aitkin County,39680
27,3,MN,Anoka County,69981
27,5,MN,Becker County,43999
27,7,MN,Beltrami County,44742
27,9,MN,Benton County,50587
27,11,MN,Big Stone County,39768
27,13,MN,Blue Earth County,49098
27,15,MN,Brown County,48652
27,17,MN,Carlton County,49278
27,19,MN,Carver County,84085
27,21,MN,Cass County,41740
27,23,MN,Chippewa County,44473
27,25,MN,Chisago County,66703
27,27,MN,Clay County,48988
27,29,MN,Clearwater County,38099
27,31,MN,Cook County,46406
27,33,MN,Cottonwood County,40366
27,35,MN,Crow Wing County,46227
27,37,MN,Dakota County,71988
27,39,MN,Dodge County,60378
27,41,MN,Douglas County,48212
27,43,MN,Faribault County,43126
27,45,MN,Fillmore County,45298
27,47,MN,Freeborn County,46595
27,49,MN,Goodhue County,54697
27,51,MN,Grant County,38532
27,53,MN,Hennepin County,62275
27,55,MN,Houston County,50407
27,57,MN,Hubbard County,42312
27,59,MN,Isanti County,61405
27,61,MN,Itasca County,44311
27,63,MN,Jackson County,48552
27,65,MN,Kanabec County,45364
27,67,MN,Kandiyohi County,50632
27,69,MN,Kittson County,43387
27,71,MN,Koochiching County,39130
27,73,MN,Lac qui Parle County,43335
27,75,MN,Lake County,49698
27,77,MN,Lake of the Woods County,40435
27,79,MN,Le Sueur County,56755
27,81,MN,Lincoln County,43000
27,83,MN,Lyon County,45984
27,85,MN,McLeod County,55981
27,87,MN,Mahnomen County,34493
27,89,MN,Marshall County,45780
27,91,MN,Martin County,44101
27,93,MN,Meeker County,51608
27,95,MN,Mille Lacs County,46215
27,97,MN,Morrison County,45660
27,99,MN,Mower County,47253
27,101,MN,Murray County,45601
27,103,MN,Nicollet County,55535
27,105,MN,Nobles County,45499
27,107,MN,Norman County,41496
27,109,MN,Olmsted County,66993
27,111,MN,Otter Tail County,42873
27,113,MN,Pennington County,47614
27,115,MN,Pine County,44945
27,117,MN,Pipestone County,41421
27,119,MN,Polk County,44323
27,121,MN,Pope County,47055
27,123,MN,Ramsey County,52762
27,125,MN,Red Lake County,42772
27,127,MN,Redwood County,45184
27,129,MN,Renville County,46427
27,131,MN,Rice County,58623
27,133,MN,Rock County,48104
27,135,MN,Roseau County,49718
27,137,MN,St. Louis County,43954
27,139,MN,Scott County,80835
27,141,MN,Sherburne County,70212
27,143,MN,Sibley County,52370
27,145,MN,Stearns County,52040
27,147,MN,Steele County,56435
27,149,MN,Stevens County,49847
27,151,MN,Swift County,43628
27,153,MN,Todd County,42325
27,155,MN,Traverse County,37651
27,157,MN,Wabasha County,51870
27,159,MN,Wadena County,35569
27,161,MN,Waseca County,50589
27,163,MN,Washington County,79670
27,165,MN,Watonwan County,43729
27,167,MN,Wilkin County,51743
27,169,MN,Winona County,45155
27,171,MN,Wright County,66825
27,173,MN,Yellow Medicine County,46381
28,0,MS,Mississippi,37818
28,1,MS,Adams County,29830
28,3,MS,Alcorn County,32119
28,5,MS,Amite County,31767
28,7,MS,Attala County,29786
28,9,MS,Benton County,28723
28,11,MS,Bolivar County,28779
28,13,MS,Calhoun County,31181
28,15,MS,Carroll County,35106
28,17,MS,Chickasaw County,30187
28,19,MS,Choctaw County,31771
28,21,MS,Claiborne County,27876
28,23,MS,Clarke County,33264
28,25,MS,Clay County,33205
28,27,MS,Coahoma County,28320
28,29,MS,Copiah County,33699
28,31,MS,Covington County,31639
28,33,MS,DeSoto County,60117
28,35,MS,Forrest County,33693
28,37,MS,Franklin County,32406
28,39,MS,George County,43666
28,41,MS,Greene County,36547
28,43,MS,Grenada County,32835
28,45,MS,Hancock County,43491
28,47,MS,Harrison County,44463
28,49,MS,Hinds County,38826
28,51,MS,Holmes County,23369
28,53,MS,Humphreys County,24091
28,55,MS,Issaquena County,26522
28,57,MS,Itawamba County,38063
28,59,MS,Jackson County,51034
28,61,MS,Jasper County,30950
28,63,MS,Jefferson County,24352
28,65,MS,Jefferson Davis County,26590
28,67,MS,Jones County,36080
28,69,MS,Kemper County,28549
28,71,MS,Lafayette County,37732
28,73,MS,Lamar County,48826
28,75,MS,Lauderdale County,36822
28,77,MS,Lawrence County,33123
28,79,MS,Leake County,31525
28,81,MS,Lee County,39970
28,83,MS,Leflore County,23614
28,85,MS,Lincoln County,34050
28,87,MS,Lowndes County,36069
28,89,MS,Madison County,62129
28,91,MS,Marion County,31967
28,93,MS,Marshall County,34675
28,95,MS,Monroe County,34251
28,97,MS,Montgomery County,31456
28,99,MS,Neshoba County,35410
28,101,MS,Newton County,34768
28,103,MS,Noxubee County,25668
28,105,MS,Oktibbeha County,32031
28,107,MS,Panola County,34866
28,109,MS,Pearl River County,39312
28,111,MS,Perry County,36027
28,113,MS,Pike County,30697
28,115,MS,Pontotoc County,38518
28,117,MS,Prentiss County,34111
28,119,MS,Quitman County,25407
28,121,MS,Rankin County,55530
28,123,MS,Scott County,31632
28,125,MS,Sharkey County,26217
28,127,MS,Simpson County,34508
28,129,MS,Smith County,35318
28,131,MS,Stone County,39735
28,133,MS,Sunflower County,28266
28,135,MS,Tallahatchie County,27493
28,137,MS,Tate County,41721
28,139,MS,Tippah County,36739
28,141,MS,Tishomingo County,33674
28,143,MS,Tunica County,30640
28,145,MS,Union County,37499
28,147,MS,Walthall County,30752
28,149,MS,Warren County,39825
28,151,MS,Washington County,27452
28,153,MS,Wayne County,33145
28,155,MS,Webster County,33014
28,157,MS,Wilkinson County,26759
28,159,MS,Winston County,33002
28,161,MS,Yalobusha County,31094
28,163,MS,Yazoo County,30087
29,0,MO,Missouri,46847
29,1,MO,Adair County,33471
29,3,MO,Andrew County,54491
29,5,MO,Atchison County,40895
29,7,MO,Audrain County,38944
29,9,MO,Barry County,38692
29,11,MO,Barton County,36158
29,13,MO,Bates County,36904
29,15,MO,Benton County,32255
29,17,MO,Bollinger County,35946
29,19,MO,Boone County,47434
29,21,MO,Buchanan County,42269
29,23,MO,Butler County,32363
29,25,MO,Caldwell County,39417
29,27,MO,Callaway County,49852
29,29,MO,Camden County,43720
29,31,MO,Cape Girardeau County,45534
29,33,MO,Carroll County,40555
29,35,MO,Carter County,26956
29,37,MO,Cass County,61922
29,39,MO,Cedar County,32014
29,41,MO,Chariton County,38455
29,43,MO,Christian County,53268
29,45,MO,Clark County,37870
29,47,MO,Clay County,58803
29,49,MO,Clinton County,51537
29,51,MO,Cole County,55684
29,53,MO,Cooper County,42929
29,55,MO,Crawford County,34832
29,57,MO,Dade County,32856
29,59,MO,Dallas County,34600
29,61,MO,Daviess County,38866
29,63,MO,DeKalb County,41592
29,65,MO,Dent County,34482
29,67,MO,Douglas County,29051
29,69,MO,Dunklin County,28650
29,71,MO,Franklin County,49064
29,73,MO,Gasconade County,38468
29,75,MO,Gentry County,34953
29,77,MO,Greene County,43635
29,79,MO,Grundy County,35381
29,81,MO,Harrison County,34294
29,83,MO,Henry County,35939
29,85,MO,Hickory County,28988
29,87,MO,Holt County,36432
29,89,MO,Howard County,40527
29,91,MO,Howell County,33249
29,93,MO,Iron County,29219
29,95,MO,Jackson County,47284
29,97,MO,Jasper County,38085
29,99,MO,Jefferson County,57897
29,101,MO,Johnson County,47093
29,103,MO,Knox County,31193
29,105,MO,Laclede County,35325
29,107,MO,Lafayette County,46394
29,109,MO,Lawrence County,36966
29,111,MO,Lewis County,39295
29,113,MO,Lincoln County,54740
29,115,MO,Linn County,35602
29,117,MO,Livingston County,39444
29,119,MO,McDonald County,35298
29,121,MO,Macon County,36576
29,123,MO,Madison County,31590
29,125,MO,Maries County,38515
29,127,MO,Marion County,40183
29,129,MO,Mercer County,36736
29,131,MO,Miller County,36069
29,133,MO,Mississippi County,27706
29,135,MO,Moniteau County,51942
29,137,MO,Monroe County,39606
29,139,MO,Montgomery County,39365
29,141,MO,Morgan County,35533
29,143,MO,New Madrid County,32196
29,145,MO,Newton County,41822
29,147,MO,Nodaway County,41135
29,149,MO,Oregon County,26584
29,151,MO,Osage County,47420
29,153,MO,Ozark County,30427
29,155,MO,Pemiscot County,27188
29,157,MO,Perry County,42125
29,159,MO,Pettis County,39787
29,161,MO,Phelps County,37080
29,163,MO,Pike County,39524
29,165,MO,Platte County,67134
29,167,MO,Polk County,38314
29,169,MO,Pulaski County,44540
29,171,MO,Putnam County,32887
29,173,MO,Ralls County,47865
29,175,MO,Randolph County,37684
29,177,MO,Ray County,51965
29,179,MO,Reynolds County,30482
29,181,MO,Ripley County,27737
29,183,MO,St. Charles County,72428
29,185,MO,St. Clair County,31312
29,186,MO,Ste. Genevieve County,50542
29,187,MO,St. Francois County,37803
29,189,MO,St. Louis County,57782
29,195,MO,Saline County,38653
29,197,MO,Schuyler County,29924
29,199,MO,Scotland County,35981
29,201,MO,Scott County,36031
29,203,MO,Shannon County,28559
29,205,MO,Shelby County,36403
29,207,MO,Stoddard County,35299
29,209,MO,Stone County,41614
29,211,MO,Sullivan County,34628
29,213,MO,Taney County,39979
29,215,MO,Texas County,29678
29,217,MO,Vernon County,32919
29,219,MO,Warren County,45779
29,221,MO,Washington County,32546
29,223,MO,Wayne County,27249
29,225,MO,Webster County,40117
29,227,MO,Worth County,44078
29,229,MO,Wright County,28561
29,510,MO,St. Louis city,33993
30,0,MT,Montana,43948
30,1,MT,Beaverhead County,39284
30,3,MT,Big Horn County,37798
30,5,MT,Blaine County,32605
30,7,MT,Broadwater County,40104
30,9,MT,Carbon County,47802
30,11,MT,Carter County,34070
30,13,MT,Cascade County,42528
30,15,MT,Chouteau County,40588
30,17,MT,Custer County,39859
30,19,MT,Daniels County,34239
30,21,MT,Dawson County,43399
30,23,MT,Deer Lodge County,34126
30,25,MT,Fallon County,47099
30,27,MT,Fergus County,39561
30,29,MT,Flathead County,44013
30,31,MT,Gallatin County,53042
30,33,MT,Garfield County,35585
30,35,MT,Glacier County,36149
30,37,MT,Golden Valley County,33753
30,39,MT,Granite County,38323
30,41,MT,Hill County,40341
30,43,MT,Jefferson County,56650
30,45,MT,Judith Basin County,37033
30,47,MT,Lake County,38505
30,49,MT,Lewis and Clark County,49959
30,51,MT,Liberty County,35663
30,53,MT,Lincoln County,33383
30,55,MT,McCone County,37576
30,57,MT,Madison County,45770
30,59,MT,Meagher County,30142
30,61,MT,Mineral County,34985
30,63,MT,Missoula County,43260
30,65,MT,Musselshell County,34318
30,67,MT,Park County,39847
30,69,MT,Petroleum County,31243
30,71,MT,Phillips County,35229
30,73,MT,Pondera County,35718
30,75,MT,Powder River County,36933
30,77,MT,Powell County,38836
30,79,MT,Prairie County,33590
30,81,MT,Ravalli County,43613
30,83,MT,Richland County,49838
30,85,MT,Roosevelt County,32671
30,87,MT,Rosebud County,45789
30,89,MT,Sanders County,30250
30,91,MT,Sheridan County,40127
30,93,MT,Silver Bow County,38439
30,95,MT,Stillwater County,54493
30,97,MT,Sweet Grass County,44424
30,99,MT,Teton County,40111
30,101,MT,Toole County,37175
30,103,MT,Treasure County,38296
30,105,MT,Valley County,39344
30,107,MT,Wheatland County,30486
30,109,MT,Wibaux County,37217
30,111,MT,Yellowstone County,49337
31,0,NE,Nebraska,49731
31,1,NE,Adams County,47106
31,3,NE,Antelope County,37307
31,5,NE,Arthur County,35208
31,7,NE,Banner County,40142
31,9,NE,Blaine County,31090
31,11,NE,Boone County,46764
31,13,NE,Box Butte County,48801
31,15,NE,Boyd County,31942
31,17,NE,Brown County,34217
31,19,NE,Buffalo County,46316
31,21,NE,Burt County,45487
31,23,NE,Butler County,44853
31,25,NE,Cass County,63083
31,27,NE,Cedar County,43199
31,29,NE,Chase County,42821
31,31,NE,Cherry County,37448
31,33,NE,Cheyenne County,45580
31,35,NE,Clay County,42030
31,37,NE,Colfax County,45708
31,39,NE,Cuming County,44672
31,41,NE,Custer County,39479
31,43,NE,Dakota County,43813
31,45,NE,Dawes County,36051
31,47,NE,Dawson County,42566
31,49,NE,Deuel County,40951
31,51,NE,Dixon County,43715
31,53,NE,Dodge County,46805
31,55,NE,Douglas County,52222
31,57,NE,Dundy County,34354
31,59,NE,Fillmore County,44794
31,61,NE,Franklin County,37631
31,63,NE,Frontier County,42541
31,65,NE,Furnas County,38498
31,67,NE,Gage County,42719
31,69,NE,Garden County,34353
31,71,NE,Garfield County,32772
31,73,NE,Gosper County,44915
31,75,NE,Grant County,37935
31,77,NE,Greeley County,35576
31,79,NE,Hall County,46353
31,81,NE,Hamilton County,54722
31,83,NE,Harlan County,39057
31,85,NE,Hayes County,37207
31,87,NE,Hitchcock County,37381
31,89,NE,Holt County,40783
31,91,NE,Hooker County,35622
31,93,NE,Howard County,43875
31,95,NE,Jefferson County,40219
31,97,NE,Johnson County,42359
31,99,NE,Kearney County,49281
31,101,NE,Keith County,41079
31,103,NE,Keya Paha County,31122
31,105,NE,Kimball County,39705
31,107,NE,Knox County,34296
31,109,NE,Lancaster County,52228
31,111,NE,Lincoln County,48080
31,113,NE,Logan County,40087
31,115,NE,Loup County,30938
31,117,NE,McPherson County,37225
31,119,NE,Madison County,43256
31,121,NE,Merrick County,44842
31,123,NE,Morrill County,39328
31,125,NE,Nance County,39452
31,127,NE,Nemaha County,44608
31,129,NE,Nuckolls County,32931
31,131,NE,Otoe County,48927
31,133,NE,Pawnee County,37158
31,135,NE,Perkins County,44607
31,137,NE,Phelps County,44451
31,139,NE,Pierce County,44320
31,141,NE,Platte County,48221
31,143,NE,Polk County,47605
31,145,NE,Red Willow County,43079
31,147,NE,Richardson County,37937
31,149,NE,Rock County,33449
31,151,NE,Saline County,46707
31,153,NE,Sarpy County,64840
31,155,NE,Saunders County,54251
31,157,NE,Scotts Bluff County,41774
31,159,NE,Seward County,56584
31,161,NE,Sheridan County,34992
31,163,NE,Sherman County,37964
31,165,NE,Sioux County,38862
31,167,NE,Stanton County,49573
31,169,NE,Thayer County,39355
31,171,NE,Thomas County,34833
31,173,NE,Thurston County,35638
31,175,NE,Valley County,40480
31,177,NE,Washington County,62451
31,179,NE,Wayne County,44117
31,181,NE,Webster County,36927
31,183,NE,Wheeler County,33551
31,185,NE,York County,47356
32,0,NV,Nevada,56432
32,1,NV,Churchill County,53618
32,3,NV,Clark County,56691
32,5,NV,Douglas County,61135
32,7,NV,Elko County,70125
32,9,NV,Esmeralda County,40299
32,11,NV,Eureka County,55090
32,13,NV,Humboldt County,58005
32,15,NV,Lander County,61938
32,17,NV,Lincoln County,44535
32,19,NV,Lyon County,47924
32,21,NV,Mineral County,37630
32,23,NV,Nye County,43463
32,27,NV,Pershing County,53651
32,29,NV,Storey County,63967
32,31,NV,Washoe County,57355
32,33,NV,White Pine County,49209
32,510,NV,Carson City,51487
33,0,NH,New Hampshire,63235
33,1,NH,Belknap County,52380
33,3,NH,Carroll County,51064
33,5,NH,Cheshire County,53210
33,7,NH,Coos County,42788
33,9,NH,Grafton County,52872
33,11,NH,Hillsborough County,68613
33,13,NH,Merrimack County,64885
33,15,NH,Rockingham County,75425
33,17,NH,Strafford County,60230
33,19,NH,Sullivan County,51426
34,0,NJ,New Jersey,70347
34,1,NJ,Atlantic County,52409
34,3,NJ,Bergen County,82136
34,5,NJ,Burlington County,76869
34,7,NJ,Camden County,60746
34,9,NJ,Cape May County,54423
34,11,NJ,Cumberland County,49720
34,13,NJ,Essex County,54694
34,15,NJ,Gloucester County,70273
34,17,NJ,Hudson County,54800
34,19,NJ,Hunterdon County,102249
34,21,NJ,Mercer County,72883
34,23,NJ,Middlesex County,77015
34,25,NJ,Monmouth County,82503
34,27,NJ,Morris County,99268
34,29,NJ,Ocean County,59199
34,31,NJ,Passaic County,56552
34,33,NJ,Salem County,57935
34,35,NJ,Somerset County,99817
34,37,NJ,Sussex County,79393
34,39,NJ,Union County,67127
34,41,NJ,Warren County,74721
35,0,NM,New Mexico,43719
35,1,NM,Bernalillo County,46988
35,3,NM,Catron County,29127
35,5,NM,Chaves County,34634
35,6,NM,Cibola County,34699
35,7,NM,Colfax County,36755
35,9,NM,Curry County,39401
35,11,NM,DeBaca County,29340
35,13,NM,Dona Ana County,36361
35,15,NM,Eddy County,43784
35,17,NM,Grant County,36239
35,19,NM,Guadalupe County,27913
35,21,NM,Harding County,28697
35,23,NM,Hidalgo County,34236
35,25,NM,Lea County,45813
35,27,NM,Lincoln County,42102
35,28,NM,Los Alamos County,102602
35,29,NM,Luna County,27957
35,31,NM,McKinley County,30366
35,33,NM,Mora County,28962
35,35,NM,Otero County,38936
35,37,NM,Quay County,30200
35,39,NM,Rio Arriba County,38578
35,41,NM,Roosevelt County,34443
35,43,NM,Sandoval County,56479
35,45,NM,San Juan County,45971
35,47,NM,San Miguel County,32558
35,49,NM,Santa Fe County,55000
35,51,NM,Sierra County,27580
35,53,NM,Socorro County,32387
35,55,NM,Taos County,36414
35,57,NM,Torrance County,36419
35,59,NM,Union County,34218
35,61,NM,Valencia County,42970
36,0,NY,New York,55980
36,1,NY,Albany County,59245
36,3,NY,Allegany County,40821
36,5,NY,Bronx County,35108
36,7,NY,Broome County,42619
36,9,NY,Cattaraugus County,42549
36,11,NY,Cayuga County,47308
36,13,NY,Chautauqua County,39824
36,15,NY,Chemung County,41909
36,17,NY,Chenango County,42257
36,19,NY,Clinton County,49988
36,21,NY,Columbia County,51515
36,23,NY,Cortland County,45174
36,25,NY,Delaware County,39821
36,27,NY,Dutchess County,68752
36,29,NY,Erie County,48427
36,31,NY,Essex County,44374
36,33,NY,Franklin County,40643
36,35,NY,Fulton County,45360
36,37,NY,Genesee County,49133
36,39,NY,Greene County,45628
36,41,NY,Hamilton County,41882
36,43,NY,Herkimer County,40106
36,45,NY,Jefferson County,44263
36,47,NY,Kings County,43172
36,49,NY,Lewis County,41837
36,51,NY,Livingston County,53326
36,53,NY,Madison County,49853
36,55,NY,Monroe County,51799
36,57,NY,Montgomery County,41708
36,59,NY,Nassau County,94856
36,61,NY,New York County,68402
36,63,NY,Niagara County,45545
36,65,NY,Oneida County,45241
36,67,NY,Onondaga County,50586
36,69,NY,Ontario County,55339
36,71,NY,Orange County,70345
36,73,NY,Orleans County,46220
36,75,NY,Oswego County,42493
36,77,NY,Otsego County,41065
36,79,NY,Putnam County,88929
36,81,NY,Queens County,55599
36,83,NY,Rensselaer County,54437
36,85,NY,Richmond County,72557
36,87,NY,Rockland County,84076
36,89,NY,St. Lawrence County,40970
36,91,NY,Saratoga County,63883
36,93,NY,Schenectady County,53404
36,95,NY,Schoharie County,46444
36,97,NY,Schuyler County,45196
36,99,NY,Seneca County,46364
36,101,NY,Steuben County,43568
36,103,NY,Suffolk County,85091
36,105,NY,Sullivan County,45930
36,107,NY,Tioga County,50493
36,109,NY,Tompkins County,48537
36,111,NY,Ulster County,54388
36,113,NY,Warren County,48376
36,115,NY,Washington County,46702
36,117,NY,Wayne County,54578
36,119,NY,Westchester County,79195
36,121,NY,Wyoming County,48472
36,123,NY,Yates County,41577
37,0,NC,North Carolina,46574
37,1,NC,Alamance County,43769
37,3,NC,Alexander County,44460
37,5,NC,Alleghany County,33824
37,7,NC,Anson County,34012
37,9,NC,Ashe County,35689
37,11,NC,Avery County,36844
37,13,NC,Beaufort County,38641
37,15,NC,Bertie County,31375
37,17,NC,Bladen County,29043
37,19,NC,Brunswick County,46686
37,21,NC,Buncombe County,43805
37,23,NC,Burke County,37225
37,25,NC,Cabarrus County,56747
37,27,NC,Caldwell County,40966
37,29,NC,Camden County,56424
37,31,NC,Carteret County,49443
37,33,NC,Caswell County,39693
37,35,NC,Catawba County,43737
37,37,NC,Chatham County,57677
37,39,NC,Cherokee County,33645
37,41,NC,Chowan County,38330
37,43,NC,Clay County,38049
37,45,NC,Cleveland County,39049
37,47,NC,Columbus County,33329
37,49,NC,Craven County,45747
37,51,NC,Cumberland County,44658
37,53,NC,Currituck County,55745
37,55,NC,Dare County,55122
37,57,NC,Davidson County,44136
37,59,NC,Davie County,52408
37,61,NC,Duplin County,36682
37,63,NC,Durham County,51292
37,65,NC,Edgecombe County,33346
37,67,NC,Forsyth County,47318
37,69,NC,Franklin County,46189
37,71,NC,Gaston County,46265
37,73,NC,Gates County,44737
37,75,NC,Graham County,32835
37,77,NC,Granville County,48468
37,79,NC,Greene County,38530
37,81,NC,Guilford County,47836
37,83,NC,Halifax County,31495
37,85,NC,Harnett County,43626
37,87,NC,Haywood County,39042
37,89,NC,Henderson County,46047
37,91,NC,Hertford County,34131
37,93,NC,Hoke County,40351
37,95,NC,Hyde County,34868
37,97,NC,Iredell County,50971
37,99,NC,Jackson County,41506
37,101,NC,Johnston County,52443
37,103,NC,Jones County,38672
37,105,NC,Lee County,45297
37,107,NC,Lenoir County,32457
37,109,NC,Lincoln County,49743
37,111,NC,McDowell County,37394
37,113,NC,Macon County,38989
37,115,NC,Madison County,38077
37,117,NC,Martin County,35072
37,119,NC,Mecklenburg County,57293
37,121,NC,Mitchell County,35195
37,123,NC,Montgomery County,37180
37,125,NC,Moore County,48250
37,127,NC,Nash County,44719
37,129,NC,New Hanover County,51098
37,131,NC,Northampton County,31054
37,133,NC,Onslow County,46186
37,135,NC,Orange County,55522
37,137,NC,Pamlico County,42479
37,139,NC,Pasquotank County,43135
37,141,NC,Pender County,42872
37,143,NC,Perquimans County,39477
37,145,NC,Person County,44630
37,147,NC,Pitt County,40742
37,149,NC,Polk County,44362
37,151,NC,Randolph County,42480
37,153,NC,Richmond County,30743
37,155,NC,Robeson County,31499
37,157,NC,Rockingham County,38267
37,159,NC,Rowan County,43096
37,161,NC,Rutherford County,36866
37,163,NC,Sampson County,38065
37,165,NC,Scotland County,33364
37,167,NC,Stanly County,45673
37,169,NC,Stokes County,42958
37,171,NC,Surry County,37282
37,173,NC,Swain County,36382
37,175,NC,Transylvania County,42608
37,177,NC,Tyrrell County,31732
37,179,NC,Union County,62478
37,181,NC,Vance County,34093
37,183,NC,Wake County,65487
37,185,NC,Warren County,33632
37,187,NC,Washington County,34027
37,189,NC,Watauga County,39490
37,191,NC,Wayne County,39934
37,193,NC,Wilkes County,34692
37,195,NC,Wilson County,39285
37,197,NC,Yadkin County,42774
37,199,NC,Yancey County,35707
38,0,ND,North Dakota,45996
38,1,ND,Adams County,36856
38,3,ND,Barnes County,43490
38,5,ND,Benson County,33194
38,7,ND,Billings County,44715
38,9,ND,Bottineau County,45271
38,11,ND,Bowman County,48621
38,13,ND,Burke County,43693
38,15,ND,Burleigh County,54040
38,17,ND,Cass County,46942
38,19,ND,Cavalier County,45182
38,21,ND,Dickey County,41557
38,23,ND,Divide County,43711
38,25,ND,Dunn County,40801
38,27,ND,Eddy County,38119
38,29,ND,Emmons County,34498
38,31,ND,Foster County,44090
38,33,ND,Golden Valley County,39109
38,35,ND,Grand Forks County,47636
38,37,ND,Grant County,35062
38,39,ND,Griggs County,40517
38,41,ND,Hettinger County,41195
38,43,ND,Kidder County,31560
38,45,ND,LaMoure County,46843
38,47,ND,Logan County,35718
38,49,ND,McHenry County,37710
38,51,ND,McIntosh County,36523
38,53,ND,McKenzie County,44704
38,55,ND,McLean County,46131
38,57,ND,Mercer County,63570
38,59,ND,Morton County,50812
38,61,ND,Mountrail County,41551
38,63,ND,Nelson County,36457
38,65,ND,Oliver County,50353
38,67,ND,Pembina County,47188
38,69,ND,Pierce County,36065
38,71,ND,Ramsey County,43813
38,73,ND,Ransom County,49093
38,75,ND,Renville County,47264
38,77,ND,Richland County,47623
38,79,ND,Rolette County,32393
38,81,ND,Sargent County,51521
38,83,ND,Sheridan County,32549
38,85,ND,Sioux County,29137
38,87,ND,Slope County,38040
38,89,ND,Stark County,47189
38,91,ND,Steele County,53242
38,93,ND,Stutsman County,45307
38,95,ND,Towner County,48023
38,97,ND,Traill County,48646
38,99,ND,Walsh County,47145
38,101,ND,Ward County,45544
38,103,ND,Wells County,40631
38,105,ND,Williams County,50303
39,0,OH,Ohio,48011
39,1,OH,Adams County,34564
39,3,OH,Allen County,44360
39,5,OH,Ashland County,43151
39,7,OH,Ashtabula County,41899
39,9,OH,Athens County,35301
39,11,OH,Auglaize County,52152
39,13,OH,Belmont County,37941
39,15,OH,Brown County,44912
39,17,OH,Butler County,52856
39,19,OH,Carroll County,43889
39,21,OH,Champaign County,47225
39,23,OH,Clark County,45480
39,25,OH,Clermont County,60735
39,27,OH,Clinton County,49440
39,29,OH,Columbiana County,40700
39,31,OH,Coshocton County,41451
39,33,OH,Crawford County,42146
39,35,OH,Cuyahoga County,44324
39,37,OH,Darke County,44662
39,39,OH,Defiance County,49614
39,41,OH,Delaware County,88645
39,43,OH,Erie County,47093
39,45,OH,Fairfield County,58019
39,47,OH,Fayette County,44703
39,49,OH,Franklin County,51246
39,51,OH,Fulton County,51772
39,53,OH,Gallia County,38997
39,55,OH,Geauga County,62223
39,57,OH,Greene County,58153
39,59,OH,Guernsey County,37325
39,61,OH,Hamilton County,50285
39,63,OH,Hancock County,51823
39,65,OH,Hardin County,42670
39,67,OH,Harrison County,35655
39,69,OH,Henry County,50459
39,71,OH,Highland County,43895
39,73,OH,Hocking County,40564
39,75,OH,Holmes County,43956
39,77,OH,Huron County,46586
39,79,OH,Jackson County,36888
39,81,OH,Jefferson County,36738
39,83,OH,Knox County,45745
39,85,OH,Lake County,58228
39,87,OH,Lawrence County,36289
39,89,OH,Licking County,52148
39,91,OH,Logan County,49622
39,93,OH,Lorain County,52878
39,95,OH,Lucas County,41291
39,97,OH,Madison County,52035
39,99,OH,Mahoning County,40508
39,101,OH,Marion County,38104
39,103,OH,Medina County,65621
39,105,OH,Meigs County,33683
39,107,OH,Mercer County,51293
39,109,OH,Miami County,52735
39,111,OH,Monroe County,40089
39,113,OH,Montgomery County,45237
39,115,OH,Morgan County,33695
39,117,OH,Morrow County,48312
39,119,OH,Muskingum County,41185
39,121,OH,Noble County,40493
39,123,OH,Ottawa County,52281
39,125,OH,Paulding County,46974
39,127,OH,Perry County,40841
39,129,OH,Pickaway County,50989
39,131,OH,Pike County,37151
39,133,OH,Portage County,52725
39,135,OH,Preble County,49237
39,137,OH,Putnam County,56708
39,139,OH,Richland County,42891
39,141,OH,Ross County,44028
39,143,OH,Sandusky County,47020
39,145,OH,Scioto County,36020
39,147,OH,Seneca County,44529
39,149,OH,Shelby County,52152
39,151,OH,Stark County,44682
39,153,OH,Summit County,49528
39,155,OH,Trumbull County,41419
39,157,OH,Tuscarawas County,42959
39,159,OH,Union County,64179
39,161,OH,Van Wert County,46734
39,163,OH,Vinton County,34306
39,165,OH,Warren County,71139
39,167,OH,Washington County,41800
39,169,OH,Wayne County,48453
39,171,OH,Williams County,46904
39,173,OH,Wood County,54831
39,175,OH,Wyandot County,47168
40,0,OK,Oklahoma,42836
40,1,OK,Adair County,29809
40,3,OK,Alfalfa County,38916
40,5,OK,Atoka County,32735
40,7,OK,Beaver County,48051
40,9,OK,Beckham County,45809
40,11,OK,Blaine County,36983
40,13,OK,Bryan County,35070
40,15,OK,Caddo County,33111
40,17,OK,Canadian County,61195
40,19,OK,Carter County,39360
40,21,OK,Cherokee County,32296
40,23,OK,Choctaw County,27774
40,25,OK,Cimarron County,35513
40,27,OK,Cleveland County,53950
40,29,OK,Coal County,32259
40,31,OK,Comanche County,40589
40,33,OK,Cotton County,44923
40,35,OK,Craig County,38954
40,37,OK,Creek County,43282
40,39,OK,Custer County,40013
40,41,OK,Delaware County,36518
40,43,OK,Dewey County,40060
40,45,OK,Ellis County,41204
40,47,OK,Garfield County,42893
40,49,OK,Garvin County,38431
40,51,OK,Grady County,43057
40,53,OK,Grant County,39584
40,55,OK,Greer County,32660
40,57,OK,Harmon County,29456
40,59,OK,Harper County,45072
40,61,OK,Haskell County,34327
40,63,OK,Hughes County,30932
40,65,OK,Jackson County,39249
40,67,OK,Jefferson County,29596
40,69,OK,Johnston County,32393
40,71,OK,Kay County,40446
40,73,OK,Kingfisher County,52284
40,75,OK,Kiowa County,32075
40,77,OK,Latimer County,34598
40,79,OK,Le Flore County,34394
40,81,OK,Lincoln County,41053
40,83,OK,Logan County,48004
40,85,OK,Love County,41399
40,87,OK,McClain County,52822
40,89,OK,McCurtain County,30470
40,91,OK,McIntosh County,30076
40,93,OK,Major County,43895
40,95,OK,Marshall County,35091
40,97,OK,Mayes County,37044
40,99,OK,Murray County,40268
40,101,OK,Muskogee County,34727
40,103,OK,Noble County,42503
40,105,OK,Nowata County,36501
40,107,OK,Okfuskee County,30527
40,109,OK,Oklahoma County,44144
40,111,OK,Okmulgee County,37460
40,113,OK,Osage County,42330
40,115,OK,Ottawa County,34873
40,117,OK,Pawnee County,39489
40,119,OK,Payne County,39364
40,121,OK,Pittsburg County,39722
40,123,OK,Pontotoc County,34465
40,125,OK,Pottawatomie County,42013
40,127,OK,Pushmataha County,27771
40,129,OK,Roger Mills County,45159
40,131,OK,Rogers County,55860
40,133,OK,Seminole County,31547
40,135,OK,Sequoyah County,34142
40,137,OK,Stephens County,43581
40,139,OK,Texas County,44775
40,141,OK,Tillman County,31463
40,143,OK,Tulsa County,46857
40,145,OK,Wagoner County,55274
40,147,OK,Washington County,45023
40,149,OK,Washita County,41971
40,151,OK,Woods County,38676
40,153,OK,Woodward County,49087
41,0,OR,Oregon,50165
41,1,OR,Baker County,37282
41,3,OR,Benton County,53661
41,5,OR,Clackamas County,65862
41,7,OR,Clatsop County,44307
41,9,OR,Columbia County,57568
41,11,OR,Coos County,37128
41,13,OR,Crook County,44069
41,15,OR,Curry County,36865
41,17,OR,Deschutes County,51897
41,19,OR,Douglas County,39436
41,21,OR,Gilliam County,46111
41,23,OR,Grant County,34846
41,25,OR,Harney County,39507
41,27,OR,Hood River County,48895
41,29,OR,Jackson County,42027
41,31,OR,Jefferson County,43786
41,33,OR,Josephine County,34943
41,35,OR,Klamath County,41093
41,37,OR,Lake County,36215
41,39,OR,Lane County,43614
41,41,OR,Lincoln County,39534
41,43,OR,Linn County,45838
41,45,OR,Malheur County,36403
41,47,OR,Marion County,47469
41,49,OR,Morrow County,50173
41,51,OR,Multnomah County,51372
41,53,OR,Polk County,53506
41,55,OR,Sherman County,43709
41,57,OR,Tillamook County,36454
41,59,OR,Umatilla County,44909
41,61,OR,Union County,41896
41,63,OR,Wallowa County,42559
41,65,OR,Wasco County,40884
41,67,OR,Washington County,65576
41,69,OR,Wheeler County,32231
41,71,OR,Yamhill County,54868
42,0,PA,Pennsylvania,50702
42,1,PA,Adams County,55124
42,3,PA,Allegheny County,48778
42,5,PA,Armstrong County,41055
42,7,PA,Beaver County,45393
42,9,PA,Bedford County,39754
42,11,PA,Berks County,54492
42,13,PA,Blair County,40135
42,15,PA,Bradford County,40033
42,17,PA,Bucks County,75701
42,19,PA,Butler County,57398
42,21,PA,Cambria County,37927
42,23,PA,Cameron County,37538
42,25,PA,Carbon County,47425
42,27,PA,Centre County,47843
42,29,PA,Chester County,85547
42,31,PA,Clarion County,42092
42,33,PA,Clearfield County,37324
42,35,PA,Clinton County,37494
42,37,PA,Columbia County,43399
42,39,PA,Crawford County,40336
42,41,PA,Cumberland County,60534
42,43,PA,Dauphin County,52149
42,45,PA,Delaware County,64688
42,47,PA,Elk County,43858
42,49,PA,Erie County,44006
42,51,PA,Fayette County,34050
42,53,PA,Forest County,35029
42,55,PA,Franklin County,53686
42,57,PA,Fulton County,43314
42,59,PA,Greene County,40589
42,61,PA,Huntingdon County,41568
42,63,PA,Indiana County,41358
42,65,PA,Jefferson County,37551
42,67,PA,Juniata County,42705
42,69,PA,Lackawanna County,41880
42,71,PA,Lancaster County,55824
42,73,PA,Lawrence County,41594
42,75,PA,Lebanon County,52273
42,77,PA,Lehigh County,53894
42,79,PA,Luzerne County,41791
42,81,PA,Lycoming County,42005
42,83,PA,Mc Kean County,38749
42,85,PA,Mercer County,40573
42,87,PA,Mifflin County,38571
42,89,PA,Monroe County,56854
42,91,PA,Montgomery County,77993
42,93,PA,Montour County,46982
42,95,PA,Northampton County,59771
42,97,PA,Northumberland County,40265
42,99,PA,Perry County,54078
42,101,PA,Philadelphia County,37090
42,103,PA,Pike County,57558
42,105,PA,Potter County,36175
42,107,PA,Schuylkill County,42705
42,109,PA,Snyder County,46379
42,111,PA,Somerset County,37893
42,113,PA,Sullivan County,37113
42,115,PA,Susquehanna County,43467
42,117,PA,Tioga County,38699
42,119,PA,Union County,45545
42,121,PA,Venango County,40757
42,123,PA,Warren County,41193
42,125,PA,Washington County,50791
42,127,PA,Wayne County,45736
42,129,PA,Westmoreland County,46994
42,131,PA,Wyoming County,45470
42,133,PA,York County,56848
44,0,RI,Rhode Island,54562
44,1,RI,Bristol County,67704
44,3,RI,Kent County,63309
44,5,RI,Newport County,65792
44,7,RI,Providence County,46997
44,9,RI,Washington County,71056
45,0,SC,South Carolina,44695
45,1,SC,Abbeville County,36041
45,3,SC,Aiken County,43895
45,5,SC,Allendale County,25329
45,7,SC,Anderson County,44747
45,9,SC,Bamberg County,30305
45,11,SC,Barnwell County,35460
45,13,SC,Beaufort County,55897
45,15,SC,Berkeley County,49414
45,17,SC,Calhoun County,38803
45,19,SC,Charleston County,50213
45,21,SC,Cherokee County,37436
45,23,SC,Chester County,35886
45,25,SC,Chesterfield County,34492
45,27,SC,Clarendon County,32725
45,29,SC,Colleton County,34136
45,31,SC,Darlington County,37650
45,33,SC,Dillon County,30935
45,35,SC,Dorchester County,60254
45,37,SC,Edgefield County,42422
45,39,SC,Fairfield County,35880
45,41,SC,Florence County,40997
45,43,SC,Georgetown County,48132
45,45,SC,Greenville County,48147
45,47,SC,Greenwood County,39628
45,49,SC,Hampton County,36003
45,51,SC,Horry County,42515
45,53,SC,Jasper County,38778
45,55,SC,Kershaw County,44446
45,57,SC,Lancaster County,39898
45,59,SC,Laurens County,40432
45,61,SC,Lee County,30876
45,63,SC,Lexington County,52515
45,65,SC,McCormick County,37676
45,67,SC,Marion County,30832
45,69,SC,Marlboro County,30749
45,71,SC,Newberry County,43570
45,73,SC,Oconee County,42668
45,75,SC,Orangeburg County,32694
45,77,SC,Pickens County,41577
45,79,SC,Richland County,49653
45,81,SC,Saluda County,40295
45,83,SC,Spartanburg County,45000
45,85,SC,Sumter County,38167
45,87,SC,Union County,34915
45,89,SC,Williamsburg County,28902
45,91,SC,York County,51636
46,0,SD,South Dakota,46244
46,3,SD,Aurora County,40874
46,5,SD,Beadle County,40991
46,7,SD,Bennett County,30560
46,9,SD,Bon Homme County,40010
46,11,SD,Brookings County,48270
46,13,SD,Brown County,43140
46,15,SD,Brule County,43627
46,17,SD,Buffalo County,19182
46,19,SD,Butte County,39348
46,21,SD,Campbell County,36665
46,23,SD,Charles Mix County,31548
46,25,SD,Clark County,40536
46,27,SD,Clay County,39784
46,29,SD,Codington County,45020
46,31,SD,Corson County,27591
46,33,SD,Custer County,42952
46,35,SD,Davison County,43691
46,37,SD,Day County,38189
46,39,SD,Deuel County,44641
46,41,SD,Dewey County,31716
46,43,SD,Douglas County,40054
46,45,SD,Edmunds County,53372
46,47,SD,Fall River County,35823
46,49,SD,Faulk County,40976
46,51,SD,Grant County,43211
46,53,SD,Gregory County,31030
46,55,SD,Haakon County,39781
46,57,SD,Hamlin County,47147
46,59,SD,Hand County,43150
46,61,SD,Hanson County,51048
46,63,SD,Harding County,36549
46,65,SD,Hughes County,53742
46,67,SD,Hutchinson County,41976
46,69,SD,Hyde County,39102
46,71,SD,Jackson County,28119
46,73,SD,Jerauld County,39198
46,75,SD,Jones County,36824
46,77,SD,Kingsbury County,41913
46,79,SD,Lake County,47225
46,81,SD,Lawrence County,42757
46,83,SD,Lincoln County,71212
46,85,SD,Lyman County,36466
46,87,SD,McCook County,45644
46,89,SD,McPherson County,31709
46,91,SD,Marshall County,39006
46,93,SD,Meade County,45901
46,95,SD,Mellette County,28866
46,97,SD,Miner County,39067
46,99,SD,Minnehaha County,55138
46,101,SD,Moody County,47368
46,103,SD,Pennington County,46887
46,105,SD,Perkins County,34673
46,107,SD,Potter County,41305
46,109,SD,Roberts County,36451
46,111,SD,Sanborn County,42988
46,113,SD,Shannon County,25867
46,115,SD,Spink County,41918
46,117,SD,Stanley County,52232
46,119,SD,Sully County,46373
46,121,SD,Todd County,27236
46,123,SD,Tripp County,35875
46,125,SD,Turner County,48157
46,127,SD,Union County,61275
46,129,SD,Walworth County,37410
46,135,SD,Yankton County,45642
46,137,SD,Ziebach County,25592
47,0,TN,Tennessee,43610
47,1,TN,Anderson County,44193
47,3,TN,Bedford County,39186
47,5,TN,Benton County,33686
47,7,TN,Bledsoe County,33640
47,9,TN,Blount County,47225
47,11,TN,Bradley County,40532
47,13,TN,Campbell County,30334
47,15,TN,Cannon County,40527
47,17,TN,Carroll County,36091
47,19,TN,Carter County,33874
47,21,TN,Cheatham County,56602
47,23,TN,Chester County,39247
47,25,TN,Claiborne County,31866
47,27,TN,Clay County,28831
47,29,TN,Cocke County,30567
47,31,TN,Coffee County,41072
47,33,TN,Crockett County,41121
47,35,TN,Cumberland County,38360
47,37,TN,Davidson County,46413
47,39,TN,Decatur County,33365
47,41,TN,DeKalb County,37016
47,43,TN,Dickson County,44572
47,45,TN,Dyer County,39484
47,47,TN,Fayette County,51673
47,49,TN,Fentress County,28547
47,51,TN,Franklin County,40890
47,53,TN,Gibson County,36782
47,55,TN,Giles County,39346
47,57,TN,Grainger County,34943
47,59,TN,Greene County,35859
47,61,TN,Grundy County,25619
47,63,TN,Hamblen County,41324
47,65,TN,Hamilton County,47574
47,67,TN,Hancock County,23526
47,69,TN,Hardeman County,36527
47,71,TN,Hardin County,33846
47,73,TN,Hawkins County,34971
47,75,TN,Haywood County,32860
47,77,TN,Henderson County,38822
47,79,TN,Henry County,36471
47,81,TN,Hickman County,39913
47,83,TN,Houston County,34131
47,85,TN,Humphreys County,41093
47,87,TN,Jackson County,31276
47,89,TN,Jefferson County,36815
47,91,TN,Johnson County,28918
47,93,TN,Knox County,45922
47,95,TN,Lake County,26739
47,97,TN,Lauderdale County,32679
47,99,TN,Lawrence County,35634
47,101,TN,Lewis County,34217
47,103,TN,Lincoln County,40473
47,105,TN,Loudon County,49673
47,107,TN,McMinn County,40529
47,109,TN,McNairy County,34064
47,111,TN,Macon County,34474
47,113,TN,Madison County,43168
47,115,TN,Marion County,38965
47,117,TN,Marshall County,41157
47,119,TN,Maury County,46942
47,121,TN,Meigs County,35240
47,123,TN,Monroe County,36713
47,125,TN,Montgomery County,47716
47,127,TN,Moore County,46045
47,129,TN,Morgan County,34348
47,131,TN,Obion County,37503
47,133,TN,Overton County,32635
47,135,TN,Perry County,33179
47,137,TN,Pickett County,29422
47,139,TN,Polk County,33932
47,141,TN,Putnam County,36398
47,143,TN,Rhea County,37437
47,145,TN,Roane County,41061
47,147,TN,Robertson County,48055
47,149,TN,Rutherford County,54335
47,151,TN,Scott County,28422
47,153,TN,Sequatchie County,39372
47,155,TN,Sevier County,40378
47,157,TN,Shelby County,45722
47,159,TN,Smith County,44536
47,161,TN,Stewart County,41268
47,163,TN,Sullivan County,41115
47,165,TN,Sumner County,55305
47,167,TN,Tipton County,47850
47,169,TN,Trousdale County,39008
47,171,TN,Unicoi County,36316
47,173,TN,Union County,33795
47,175,TN,Van Buren County,33211
47,177,TN,Warren County,35107
47,179,TN,Washington County,42571
47,181,TN,Wayne County,32471
47,183,TN,Weakley County,34442
47,185,TN,White County,32699
47,187,TN,Williamson County,93166
47,189,TN,Wilson County,59796
48,0,TX,Texas,50049
48,1,TX,Anderson County,45551
48,3,TX,Andrews County,49043
48,5,TX,Angelina County,37782
48,7,TX,Aransas County,40789
48,9,TX,Archer County,51616
48,11,TX,Armstrong County,47097
48,13,TX,Atascosa County,41883
48,15,TX,Austin County,49721
48,17,TX,Bailey County,33331
48,19,TX,Bandera County,48688
48,21,TX,Bastrop County,52129
48,23,TX,Baylor County,32236
48,25,TX,Bee County,35695
48,27,TX,Bell County,49448
48,29,TX,Bexar County,45794
48,31,TX,Blanco County,49446
48,33,TX,Borden County,44822
48,35,TX,Bosque County,41871
48,37,TX,Bowie County,39531
48,39,TX,Brazoria County,63959
48,41,TX,Brazos County,38592
48,43,TX,Brewster County,34189
48,45,TX,Briscoe County,34442
48,47,TX,Brooks County,25341
48,49,TX,Brown County,40279
48,51,TX,Burleson County,42829
48,53,TX,Burnet County,48321
48,55,TX,Caldwell County,45151
48,57,TX,Calhoun County,43123
48,59,TX,Callahan County,41493
48,61,TX,Cameron County,30950
48,63,TX,Camp County,38435
48,65,TX,Carson County,50493
48,67,TX,Cass County,36378
48,69,TX,Castro County,36748
48,71,TX,Chambers County,66033
48,73,TX,Cherokee County,35906
48,75,TX,Childress County,33634
48,77,TX,Clay County,48445
48,79,TX,Cochran County,34388
48,81,TX,Coke County,35848
48,83,TX,Coleman County,30777
48,85,TX,Collin County,81875
48,87,TX,Collingsworth County,31486
48,89,TX,Colorado County,39441
48,91,TX,Comal County,61393
48,93,TX,Comanche County,34516
48,95,TX,Concho County,37505
48,97,TX,Cooke County,49705
48,99,TX,Coryell County,48308
48,101,TX,Cottle County,29462
48,103,TX,Crane County,50114
48,105,TX,Crockett County,42223
48,107,TX,Crosby County,33294
48,109,TX,Culberson County,30084
48,111,TX,Dallam County,37192
48,113,TX,Dallas County,47155
48,115,TX,Dawson County,40590
48,117,TX,Deaf Smith County,35710
48,119,TX,Delta County,35494
48,121,TX,Denton County,73678
48,123,TX,DeWitt County,40225
48,125,TX,Dickens County,30343
48,127,TX,Dimmit County,27895
48,129,TX,Donley County,35875
48,131,TX,Duval County,33127
48,133,TX,Eastland County,35258
48,135,TX,Ector County,46868
48,137,TX,Edwards County,31434
48,139,TX,Ellis County,63500
48,141,TX,El Paso County,36519
48,143,TX,Erath County,40399
48,145,TX,Falls County,32844
48,147,TX,Fannin County,41320
48,149,TX,Fayette County,45141
48,151,TX,Fisher County,34838
48,153,TX,Floyd County,32794
48,155,TX,Foard County,30176
48,157,TX,Fort Bend County,83968
48,159,TX,Franklin County,39830
48,161,TX,Freestone County,41153
48,163,TX,Frio County,31072
48,165,TX,Gaines County,40489
48,167,TX,Galveston County,57950
48,169,TX,Garza County,37815
48,171,TX,Gillespie County,57244
48,173,TX,Glasscock County,52364
48,175,TX,Goliad County,45273
48,177,TX,Gonzales County,34613
48,179,TX,Gray County,44888
48,181,TX,Grayson County,45669
48,183,TX,Gregg County,45792
48,185,TX,Grimes County,42415
48,187,TX,Guadalupe County,61979
48,189,TX,Hale County,35802
48,191,TX,Hall County,29089
48,193,TX,Hamilton County,37884
48,195,TX,Hansford County,45291
48,197,TX,Hardeman County,34007
48,199,TX,Hardin County,50477
48,201,TX,Harris County,52391
48,203,TX,Harrison County,45016
48,205,TX,Hartley County,54316
48,207,TX,Haskell County,32817
48,209,TX,Hays County,57410
48,211,TX,Hemphill County,56489
48,213,TX,Henderson County,40145
48,215,TX,Hidalgo County,30513
48,217,TX,Hill County,38020
48,219,TX,Hockley County,42371
48,221,TX,Hood County,58205
48,223,TX,Hopkins County,39912
48,225,TX,Houston County,33272
48,227,TX,Howard County,38661
48,229,TX,Hudspeth County,26625
48,231,TX,Hunt County,45396
48,233,TX,Hutchinson County,49548
48,235,TX,Irion County,49332
48,237,TX,Jack County,43173
48,239,TX,Jackson County,44278
48,241,TX,Jasper County,38264
48,243,TX,Jeff Davis County,42055
48,245,TX,Jefferson County,44155
48,247,TX,Jim Hogg County,33104
48,249,TX,Jim Wells County,37414
48,251,TX,Johnson County,53819
48,253,TX,Jones County,37797
48,255,TX,Karnes County,33394
48,257,TX,Kaufman County,58497
48,259,TX,Kendall County,71262
48,261,TX,Kenedy County,29587
48,263,TX,Kent County,35804
48,265,TX,Kerr County,42406
48,267,TX,Kimble County,37046
48,269,TX,King County,44939
48,271,TX,Kinney County,35576
48,273,TX,Kleberg County,36659
48,275,TX,Knox County,31469
48,277,TX,Lamar County,37104
48,279,TX,Lamb County,35137
48,281,TX,Lampasas County,46906
48,283,TX,La Salle County,29778
48,285,TX,Lavaca County,43814
48,287,TX,Lee County,49336
48,289,TX,Leon County,41212
48,291,TX,Liberty County,48374
48,293,TX,Limestone County,39314
48,295,TX,Lipscomb County,46490
48,297,TX,Live Oak County,43376
48,299,TX,Llano County,44370
48,301,TX,Loving County,50221
48,303,TX,Lubbock County,44389
48,305,TX,Lynn County,35256
48,307,TX,McCulloch County,32743
48,309,TX,McLennan County,40223
48,311,TX,McMullen County,40033
48,313,TX,Madison County,36650
48,315,TX,Marion County,31510
48,317,TX,Martin County,43492
48,319,TX,Mason County,39217
48,321,TX,Matagorda County,40578
48,323,TX,Maverick County,29787
48,325,TX,Medina County,44632
48,327,TX,Menard County,31211
48,329,TX,Midland County,56320
48,331,TX,Milam County,41290
48,333,TX,Mills County,35353
48,335,TX,Mitchell County,35837
48,337,TX,Montague County,41652
48,339,TX,Montgomery County,65801
48,341,TX,Moore County,43377
48,343,TX,Morris County,36929
48,345,TX,Motley County,34551
48,347,TX,Nacogdoches County,36438
48,349,TX,Navarro County,40730
48,351,TX,Newton County,35524
48,353,TX,Nolan County,36026
48,355,TX,Nueces County,45371
48,357,TX,Ochiltree County,51680
48,359,TX,Oldham County,44765
48,361,TX,Orange County,48568
48,363,TX,Palo Pinto County,41162
48,365,TX,Panola County,42917
48,367,TX,Parker County,61151
48,369,TX,Parmer County,40346
48,371,TX,Pecos County,37283
48,373,TX,Polk County,36930
48,375,TX,Potter County,36988
48,377,TX,Presidio County,27490
48,379,TX,Rains County,41233
48,381,TX,Randall County,57221
48,383,TX,Reagan County,53698
48,385,TX,Real County,31677
48,387,TX,Red River County,32902
48,389,TX,Reeves County,31057
48,391,TX,Refugio County,37211
48,393,TX,Roberts County,63265
48,395,TX,Robertson County,37219
48,397,TX,Rockwall County,79703
48,399,TX,Runnels County,35314
48,401,TX,Rusk County,42572
48,403,TX,Sabine County,33443
48,405,TX,San Augustine County,30306
48,407,TX,San Jacinto County,40606
48,409,TX,San Patricio County,44909
48,411,TX,San Saba County,35739
48,413,TX,Schleicher County,44070
48,415,TX,Scurry County,42565
48,417,TX,Shackelford County,43294
48,419,TX,Shelby County,35154
48,421,TX,Sherman County,42684
48,423,TX,Smith County,47027
48,425,TX,Somervell County,51770
48,427,TX,Starr County,23929
48,429,TX,Stephens County,38168
48,431,TX,Sterling County,48438
48,433,TX,Stonewall County,37325
48,435,TX,Sutton County,56466
48,437,TX,Swisher County,33983
48,439,TX,Tarrant County,56265
48,441,TX,Taylor County,41232
48,443,TX,Terrell County,30359
48,445,TX,Terry County,32788
48,447,TX,Throckmorton County,34865
48,449,TX,Titus County,40295
48,451,TX,Tom Green County,42505
48,453,TX,Travis County,55650
48,455,TX,Trinity County,32925
48,457,TX,Tyler County,36730
48,459,TX,Upshur County,42947
48,461,TX,Upton County,43137
48,463,TX,Uvalde County,33121
48,465,TX,Val Verde County,36573
48,467,TX,Van Zandt County,42802
48,469,TX,Victoria County,46104
48,471,TX,Walker County,38244
48,473,TX,Waller County,50653
48,475,TX,Ward County,42595
48,477,TX,Washington County,46210
48,479,TX,Webb County,36537
48,481,TX,Wharton County,41678
48,483,TX,Wheeler County,43124
48,485,TX,Wichita County,44392
48,487,TX,Wilbarger County,38536
48,489,TX,Willacy County,29079
48,491,TX,Williamson County,69745
48,493,TX,Wilson County,54206
48,495,TX,Winkler County,45917
48,497,TX,Wise County,56290
48,499,TX,Wood County,41529
48,501,TX,Yoakum County,50317
48,503,TX,Young County,39898
48,505,TX,Zapata County,32249
48,507,TX,Zavala County,23083
49,0,UT,Utah,56820
49,1,UT,Beaver County,45994
49,3,UT,Box Elder County,53678
49,5,UT,Cache County,50023
49,7,UT,Carbon County,45621
49,9,UT,Daggett County,44963
49,11,UT,Davis County,67004
49,13,UT,Duchesne County,51616
49,15,UT,Emery County,48569
49,17,UT,Garfield County,43312
49,19,UT,Grand County,38540
49,21,UT,Iron County,45206
49,23,UT,Juab County,49474
49,25,UT,Kane County,45337
49,27,UT,Millard County,46823
49,29,UT,Morgan County,67768
49,31,UT,Piute County,36139
49,33,UT,Rich County,53159
49,35,UT,Salt Lake County,59168
49,37,UT,San Juan County,38827
49,39,UT,Sanpete County,42255
49,41,UT,Sevier County,46127
49,43,UT,Summit County,79698
49,45,UT,Tooele County,61867
49,47,UT,Uintah County,57769
49,49,UT,Utah County,59701
49,51,UT,Wasatch County,64238
49,53,UT,Washington County,50389
49,55,UT,Wayne County,40524
49,57,UT,Weber County,51413
50,0,VT,Vermont,52111
50,1,VT,Addison County,56584
50,3,VT,Bennington County,45029
50,5,VT,Caledonia County,42097
50,7,VT,Chittenden County,61230
50,9,VT,Essex County,38799
50,11,VT,Franklin County,53032
50,13,VT,Grand Isle County,57435
50,15,VT,Lamoille County,50375
50,17,VT,Orange County,49458
50,19,VT,Orleans County,39184
50,21,VT,Rutland County,47147
50,23,VT,Washington County,52832
50,25,VT,Windham County,46546
50,27,VT,Windsor County,52611
51,0,VA,Virginia,61210
51,1,VA,Accomack County,37564
51,3,VA,Albemarle County,66606
51,5,VA,Alleghany County,42341
51,7,VA,Amelia County,49180
51,9,VA,Amherst County,44966
51,11,VA,Appomattox County,43529
51,13,VA,Arlington County,97871
51,15,VA,Augusta County,52341
51,17,VA,Bath County,42446
51,19,VA,Bedford County,54715
51,21,VA,Bland County,39841
51,23,VA,Botetourt County,61778
51,25,VA,Brunswick County,35876
51,27,VA,Buchanan County,26571
51,29,VA,Buckingham County,38576
51,31,VA,Campbell County,43055
51,33,VA,Caroline County,53796
51,35,VA,Carroll County,35651
51,36,VA,Charles City County,50958
51,37,VA,Charlotte County,34145
51,41,VA,Chesterfield County,71327
51,43,VA,Clarke County,66296
51,45,VA,Craig County,45703
51,47,VA,Culpeper County,63248
51,49,VA,Cumberland County,40157
51,51,VA,Dickenson County,27680
51,53,VA,Dinwiddie County,50186
51,57,VA,Essex County,43511
51,59,VA,Fairfax County,107075
51,61,VA,Fauquier County,81359
51,63,VA,Floyd County,41514
51,65,VA,Fluvanna County,64289
51,67,VA,Franklin County,45758
51,69,VA,Frederick County,61295
51,71,VA,Giles County,43322
51,73,VA,Gloucester County,56922
51,75,VA,Goochland County,76688
51,77,VA,Grayson County,32399
51,79,VA,Greene County,59321
51,81,VA,Greensville County,36926
51,83,VA,Halifax County,34580
51,85,VA,Hanover County,77935
51,87,VA,Henrico County,61300
51,89,VA,Henry County,33479
51,91,VA,Highland County,38088
51,93,VA,Isle of Wight County,60042
51,95,VA,James City County,76705
51,97,VA,King and Queen County,46715
51,99,VA,King George County,78636
51,101,VA,King William County,63605
51,103,VA,Lancaster County,45715
51,105,VA,Lee County,28682
51,107,VA,Loudoun County,111582
51,109,VA,Louisa County,54777
51,111,VA,Lunenburg County,34379
51,113,VA,Madison County,52472
51,115,VA,Mathews County,53143
51,117,VA,Mecklenburg County,36941
51,119,VA,Middlesex County,56599
51,121,VA,Montgomery County,43176
51,125,VA,Nelson County,45551
51,127,VA,New Kent County,71549
51,131,VA,Northampton County,34424
51,133,VA,Northumberland County,47152
51,135,VA,Nottoway County,37900
51,137,VA,Orange County,52158
51,139,VA,Page County,41120
51,141,VA,Patrick County,34592
51,143,VA,Pittsylvania County,38590
51,145,VA,Powhatan County,74825
51,147,VA,Prince Edward County,37999
51,149,VA,Prince George County,62570
51,153,VA,Prince William County,87973
51,155,VA,Pulaski County,40426
51,157,VA,Rappahannock County,60614
51,159,VA,Richmond County,52405
51,161,VA,Roanoke County,60032
51,163,VA,Rockbridge County,45236
51,165,VA,Rockingham County,53036
51,167,VA,Russell County,32100
51,169,VA,Scott County,33668
51,171,VA,Shenandoah County,48671
51,173,VA,Smyth County,33451
51,175,VA,Southampton County,43149
51,177,VA,Spotsylvania County,77461
51,179,VA,Stafford County,87145
51,181,VA,Surry County,52004
51,183,VA,Sussex County,38102
51,185,VA,Tazewell County,34800
51,187,VA,Warren County,53495
51,191,VA,Washington County,41594
51,193,VA,Westmoreland County,44383
51,195,VA,Wise County,32758
51,197,VA,Wythe County,38793
51,199,VA,York County,78920
51,510,VA,Alexandria city,82487
51,515,VA,Bedford city,36559
51,520,VA,Bristol city,33791
51,530,VA,Buena Vista city,39390
51,540,VA,Charlottesville city,42948
51,550,VA,Chesapeake city,67082
51,570,VA,Colonial Heights city,51575
51,580,VA,Covington city,35762
51,590,VA,Danville city,30696
51,595,VA,Emporia city,33717
51,600,VA,Fairfax city,93841
51,610,VA,Falls Church city,98822
51,620,VA,Franklin city,37839
51,630,VA,Fredericksburg city,45620
51,640,VA,Galax city,31007
51,650,VA,Hampton city,47301
51,660,VA,Harrisonburg city,39049
51,670,VA,Hopewell city,40560
51,678,VA,Lexington city,39582
51,680,VA,Lynchburg city,39440
51,683,VA,Manassas city,68544
51,685,VA,Manassas Park city,70051
51,690,VA,Martinsville city,30802
51,700,VA,Newport News city,48849
51,710,VA,Norfolk city,40380
51,720,VA,Norton city,28398
51,730,VA,Petersburg city,35359
51,735,VA,Poquoson city,79123
51,740,VA,Portsmouth city,45292
51,750,VA,Radford city,35516
51,760,VA,Richmond city,36968
51,770,VA,Roanoke city,37029
51,775,VA,Salem city,45690
51,790,VA,Staunton city,42794
51,800,VA,Suffolk city,57573
51,810,VA,Virginia Beach city,64979
51,820,VA,Waynesboro city,41025
51,830,VA,Williamsburg city,50209
51,840,VA,Winchester city,46588
53,0,WA,Washington,58081
53,1,WA,Adams County,40967
53,3,WA,Asotin County,41275
53,5,WA,Benton County,56458
53,7,WA,Chelan County,45092
53,9,WA,Clallam County,47537
53,11,WA,Clark County,59194
53,13,WA,Columbia County,41194
53,15,WA,Cowlitz County,47832
53,17,WA,Douglas County,50370
53,19,WA,Ferry County,34948
53,21,WA,Franklin County,46681
53,23,WA,Garfield County,40351
53,25,WA,Grant County,43809
53,27,WA,Grays Harbor County,41787
53,29,WA,Island County,56370
53,31,WA,Jefferson County,50463
53,33,WA,King County,70091
53,35,WA,Kitsap County,59611
53,37,WA,Kittitas County,45274
53,39,WA,Klickitat County,40953
53,41,WA,Lewis County,42947
53,43,WA,Lincoln County,45920
53,45,WA,Mason County,50356
53,47,WA,Okanogan County,37900
53,49,WA,Pacific County,38060
53,51,WA,Pend Oreille County,38939
53,53,WA,Pierce County,58133
53,55,WA,San Juan County,55898
53,57,WA,Skagit County,53510
53,59,WA,Skamania County,51331
53,61,WA,Snohomish County,66706
53,63,WA,Spokane County,48269
53,65,WA,Stevens County,44513
53,67,WA,Thurston County,62146
53,69,WA,Wahkiakum County,47458
53,71,WA,Walla Walla County,44797
53,73,WA,Whatcom County,49159
53,75,WA,Whitman County,39691
53,77,WA,Yakima County,44556
54,0,WV,West Virginia,37528
54,1,WV,Barbour County,30887
54,3,WV,Berkeley County,52472
54,5,WV,Boone County,32794
54,7,WV,Braxton County,30843
54,9,WV,Brooke County,42994
54,11,WV,Cabell County,33360
54,13,WV,Calhoun County,26023
54,15,WV,Clay County,28342
54,17,WV,Doddridge County,32226
54,19,WV,Fayette County,32934
54,21,WV,Gilmer County,29678
54,23,WV,Grant County,35815
54,25,WV,Greenbrier County,34935
54,27,WV,Hampshire County,37913
54,29,WV,Hancock County,39347
54,31,WV,Hardy County,35530
54,33,WV,Harrison County,38152
54,35,WV,Jackson County,40503
54,37,WV,Jefferson County,62802
54,39,WV,Kanawha County,41488
54,41,WV,Lewis County,34145
54,43,WV,Lincoln County,29817
54,45,WV,Logan County,33866
54,47,WV,McDowell County,20486
54,49,WV,Marion County,35630
54,51,WV,Marshall County,37689
54,53,WV,Mason County,34166
54,55,WV,Mercer County,31283
54,57,WV,Mineral County,42308
54,59,WV,Mingo County,27438
54,61,WV,Monongalia County,41901
54,63,WV,Monroe County,34175
54,65,WV,Morgan County,43536
54,67,WV,Nicholas County,33099
54,69,WV,Ohio County,38344
54,71,WV,Pendleton County,36547
54,73,WV,Pleasants County,42474
54,75,WV,Pocahontas County,30143
54,77,WV,Preston County,40257
54,79,WV,Putnam County,57255
54,81,WV,Raleigh County,34589
54,83,WV,Randolph County,34872
54,85,WV,Ritchie County,36328
54,87,WV,Roane County,31260
54,89,WV,Summers County,28145
54,91,WV,Taylor County,35379
54,93,WV,Tucker County,34157
54,95,WV,Tyler County,35700
54,97,WV,Upshur County,35254
54,99,WV,Wayne County,34570
54,101,WV,Webster County,26037
54,103,WV,Wetzel County,37208
54,105,WV,Wirt County,36472
54,107,WV,Wood County,40813
54,109,WV,Wyoming County,31659
55,0,WI,Wisconsin,52103
55,1,WI,Adams County,38166
55,3,WI,Ashland County,39355
55,5,WI,Barron County,44522
55,7,WI,Bayfield County,42314
55,9,WI,Brown County,53558
55,11,WI,Buffalo County,47198
55,13,WI,Burnett County,41276
55,15,WI,Calumet County,63183
55,17,WI,Chippewa County,50332
55,19,WI,Clark County,43519
55,21,WI,Columbia County,57313
55,23,WI,Crawford County,41646
55,25,WI,Dane County,61562
55,27,WI,Dodge County,52948
55,29,WI,Door County,49249
55,31,WI,Douglas County,45788
55,33,WI,Dunn County,48144
55,35,WI,Eau Claire County,48483
55,37,WI,Florence County,40190
55,39,WI,Fond du Lac County,53499
55,41,WI,Forest County,38622
55,43,WI,Grant County,45387
55,45,WI,Green County,55534
55,47,WI,Green Lake County,49751
55,49,WI,Iowa County,56063
55,51,WI,Iron County,35010
55,53,WI,Jackson County,45142
55,55,WI,Jefferson County,55765
55,57,WI,Juneau County,44171
55,59,WI,Kenosha County,55726
55,61,WI,Kewaunee County,54879
55,63,WI,La Crosse County,48754
55,65,WI,Lafayette County,47796
55,67,WI,Langlade County,41799
55,69,WI,Lincoln County,47660
55,71,WI,Manitowoc County,50150
55,73,WI,Marathon County,54804
55,75,WI,Marinette County,42784
55,77,WI,Marquette County,44109
55,78,WI,Menominee County,34042
55,79,WI,Milwaukee County,45902
55,81,WI,Monroe County,46970
55,83,WI,Oconto County,50609
55,85,WI,Oneida County,43249
55,87,WI,Outagamie County,54779
55,89,WI,Ozaukee County,70568
55,91,WI,Pepin County,49943
55,93,WI,Pierce County,65596
55,95,WI,Polk County,50520
55,97,WI,Portage County,51050
55,99,WI,Price County,39646
55,101,WI,Racine County,55008
55,103,WI,Richland County,43904
55,105,WI,Rock County,51576
55,107,WI,Rusk County,37732
55,109,WI,St. Croix County,69682
55,111,WI,Sauk County,51809
55,113,WI,Sawyer County,39432
55,115,WI,Shawano County,45432
55,117,WI,Sheboygan County,52587
55,119,WI,Taylor County,45201
55,121,WI,Trempealeau County,48650
55,123,WI,Vernon County,43402
55,125,WI,Vilas County,41022
55,127,WI,Walworth County,54772
55,129,WI,Washburn County,39895
55,131,WI,Washington County,64733
55,133,WI,Waukesha County,75754
55,135,WI,Waupaca County,45754
55,137,WI,Waushara County,44798
55,139,WI,Winnebago County,53661
55,141,WI,Wood County,46459
56,0,WY,Wyoming,54735
56,1,WY,Albany County,43210
56,3,WY,Big Horn County,44304
56,5,WY,Campbell County,75244
56,7,WY,Carbon County,54257
56,9,WY,Converse County,57609
56,11,WY,Crook County,54434
56,13,WY,Fremont County,45708
56,15,WY,Goshen County,40744
56,17,WY,Hot Springs County,40310
56,19,WY,Johnson County,51162
56,21,WY,Laramie County,56193
56,23,WY,Lincoln County,60245
56,25,WY,Natrona County,51486
56,27,WY,Niobrara County,41021
56,29,WY,Park County,47803
56,31,WY,Platte County,44594
56,33,WY,Sheridan County,49331
56,35,WY,Sublette County,72079
56,37,WY,Sweetwater County,70964
56,39,WY,Teton County,74150
56,41,WY,Uinta County,62253
56,43,WY,Washakie County,47475
56,45,WY,Weston County,50412
